frame,knee,hip,torso
0,177.51472157938468,170.20049791899277,5.931669129991154
1,177.53114379009568,170.25995979489804,5.919652629058791
2,177.52832743873088,170.3000872694272,5.9107527892210685
3,177.5450028240353,170.3553761391978,5.898410764951218
4,177.55870248243255,170.38893483324506,5.892605548821598
5,177.58708568884654,170.41957969151858,5.888991723391106
6,177.6078259702066,170.43630315406403,5.891156958001916
7,177.61851689387916,170.44478585040903,5.896339936128388
8,177.63061510908034,170.4574241040528,5.8991346036018495
9,177.64182834970111,170.465002320075,5.903212182271739
10,177.64946355535196,170.4727627455382,5.905829434124537
11,177.66193982383547,170.47938376880634,5.910594832891623
12,177.6731277717685,170.48510661272755,5.915044657238155
13,177.6878450974401,170.49414357560323,5.917364060889634
14,177.70497165477101,170.5041215578997,5.919120124079125
15,177.7266750428539,170.5159626482629,5.920432881212426
16,177.74194634891663,170.51710734227697,5.928555753582135
17,177.75221206373018,170.51915784933732,5.934486232435307
18,177.76733126740325,170.52611300471327,5.936771550495183
19,177.77708778040758,170.53158922502507,5.938631636399128
20,177.79137961187848,170.53890212478083,5.940144827604315
21,177.80625873107766,170.54707728282185,5.94056329117523
22,177.8213269508825,170.55576692358278,5.940291924506426
23,177.83196791718163,170.56132552728621,5.941272155416024
24,177.83616251499637,170.56388612275717,5.941934777236059
25,177.84499194689474,170.56888273760958,5.9423000110214685
26,177.8572841114333,170.57563450596098,5.942637730443631
27,177.8680074056831,170.58050272389485,5.943772406953148
28,177.8780692062016,170.58198089889345,5.945546224684481
29,177.87882354293677,170.57522222867473,5.950107251599275
30,177.88088416631228,170.5755898401392,5.950172005820215
31,177.89084105936726,170.58609201322147,5.94545845795909
32,177.9022856494845,170.59361934626344,5.944726977309073
33,177.9062525551577,170.59825989184307,5.943922029292994
34,177.9116812718668,170.6052290680309,5.9418510049938495
35,177.92309015107855,170.6141387037555,5.941115193478588
36,177.93021147929807,170.6217520505449,5.94050035541173
37,177.93054596362592,170.62506064481323,5.940005021075388
38,177.9291136584597,170.62651433069195,5.940137322527422
39,177.9313635292539,170.62914080347284,5.9405259666101005
40,177.94112535788057,170.63809798776109,5.93772121157198
41,177.94672563133778,170.64230139511417,5.937744215007753
42,177.94706528538617,170.64441678414428,5.936372515890828
43,177.9504472205314,170.64799539485557,5.934707662194417
44,177.9557054016738,170.65219085798347,5.932954716918234
45,177.9614548671788,170.65755488501338,5.930524404091036
46,177.97371060201937,170.66436092750448,5.930700534310178
47,177.9860165621044,170.6712811212635,5.930642249321535
48,177.9944665974783,170.67676435637975,5.931105200887893
49,178.00064694560814,170.67965570209026,5.93213305172844
50,178.0092235814292,170.68530511035414,5.932512841011849
51,178.02246894835542,170.69308131930234,5.933478292160293
52,178.03678804098328,170.7013267452236,5.933759296596266
53,178.05035411273565,170.71103491963072,5.932640036109109
54,178.06365692556057,170.7200932992949,5.931302590004536
55,178.08763625297593,170.73601777679738,5.929673903447362
56,178.1067734727449,170.76127725980106,5.922401365204427
57,178.10746721121959,170.7647549745956,5.9175667559084495
58,178.1053811216849,170.7680160297752,5.908989265560348
59,178.1043208481734,170.77510417504516,5.8982722398467144
60,178.10473582200348,170.77382765787058,5.897668057416141
61,178.1046675920066,170.77074670258335,5.8989410989706705
62,178.1088111942888,170.7721838072034,5.899640995260636
63,178.11018202581855,170.77133124594155,5.899807530232085
64,178.11410355202014,170.77343133786457,5.90011048901439
65,178.11707316360966,170.77481529750676,5.90045375376333
66,178.11897072754473,170.77501514190772,5.901631875420957
67,178.11818247630669,170.77319332370936,5.902653168711378
68,178.11649024596255,170.77068880175915,5.903856694572852
69,178.12104758693428,170.7720213908912,5.906971586068933
70,178.12375944603744,170.77329576091267,5.9083403654257225
71,178.12156354990296,170.76971180944312,5.909788234453057
72,178.11477603306156,170.75975513977914,5.9130371396193055
73,178.10836940487758,170.75092009930017,5.916226979939495
74,178.10229269100688,170.74189977794825,5.918860996649649
75,178.10151571414684,170.74089988634123,5.918593494766534
76,178.10571735424767,170.74918996667043,5.911007540215167
77,178.11430625102386,170.76422069202187,5.900033655688642
78,178.11710644622062,170.77333190363274,5.8919147843705435
79,178.12006062567,170.78386246245626,5.882692386681075
80,178.1230797667135,170.78855417972122,5.879267032394173
81,178.13011708876726,170.79391053195576,5.877561030582841
82,178.1403002857798,170.80145861376792,5.8752636903125905
83,178.14855631108844,170.80708539262403,5.8737451628013835
84,178.15857323604433,170.81332448211862,5.87232257677417
85,178.16315830952504,170.81493236755497,5.871859278275721
86,178.16822143602624,170.81115206042466,5.875162318438135
87,178.17093573599877,170.8015511183015,5.8813242557173115
88,178.1862871092953,170.80176839154242,5.885394859822136
89,178.1974101608091,170.80407461249652,5.88649757124773
90,178.20778204725397,170.80030666568658,5.890905854023258
91,178.21897582954384,170.80001083793414,5.893748352423257
92,178.23419599870073,170.80425761684597,5.895361287985468
93,178.24720193194767,170.808253854948,5.896302973478858
94,178.25955521645142,170.81216860235335,5.8968861538817245
95,178.26363163579344,170.80867512234508,5.899240529350572
96,178.27189542235598,170.8120766142743,5.8991222753173895
97,178.2806491086001,170.81542289800632,5.899254604197007
98,178.2925686740241,170.8201096934361,5.899083689387401
99,178.29586135745342,170.82392514083662,5.895983674472488
100,178.30009647216073,170.830216530134,5.891003419079281
101,178.30663388686855,170.83094029231802,5.885427142895573
102,178.30336445725777,170.82769204010097,5.881306381602993
103,178.306843926063,170.828441071828,5.875944756201958
104,178.30490499597553,170.82592788376624,5.872800206860337
105,178.29789910543124,170.8205613025909,5.870884081798222
106,178.29321760270062,170.81703237880367,5.868763009952301
107,178.29194034577134,170.81574203337206,5.8659878228168685
108,178.28638965147408,170.8148220261511,5.861483959332096
109,178.2823826818153,170.81135228477225,5.858982371146969
110,178.2807588995782,170.812139083094,5.854977739002782
111,178.2820632968749,170.81609574505217,5.851195716685254
112,178.28161526127178,170.83569437906945,5.832193068341101
113,178.2778065171513,170.8480819725247,5.818724889051939
114,178.27372096540864,170.85652663277415,5.808008700739164
115,178.27069612635603,170.8615224574284,5.801257377281128
116,178.27059539359593,170.86750435611623,5.794484911477742
117,178.27004007908602,170.8710183269919,5.790335207759411
118,178.26991372135845,170.87214312741818,5.788032188834573
119,178.26916681530432,170.87449188158723,5.78482609718003
120,178.26880455184502,170.8759044276196,5.782164182305886
121,178.27075739724037,170.87061434272724,5.788528550979222
122,178.26504729219292,170.8606967220132,5.797693809451195
123,178.26964355159157,170.87099304503698,5.8047463003080395
124,178.3021525300834,170.98310750030694,5.774474381602956
125,178.36499040050708,171.25872136850901,5.702567624645841
126,178.33650301994314,171.44501457130553,5.7005047824745
127,178.30812358738783,171.85368392318836,5.597795451269953
128,178.12267058594827,171.88108819823532,5.690069683241736
129,178.09202757317922,172.27840844703604,5.624357451401843
130,177.94965822695656,172.36908410260727,5.689793157716534
131,177.59441460894024,172.4228581622376,5.6722946835617645
132,177.16234904805816,172.49295825590917,5.560880288071245
133,176.680025401783,172.2038824379634,5.640526629801855
134,176.22047726509862,171.88413330506194,5.717996117406726
135,176.34672186986154,171.8416352759879,5.713357037111258
136,176.34125912716365,171.70055757330528,5.758295152167947
137,175.9027224731658,171.2404234605952,5.738447568297018
138,175.9883280091743,171.43352617540936,5.282374350612256
139,175.76807721563029,171.33814224314543,4.822255360590334
140,175.68973268401498,171.24140166833735,4.450586665122943
141,175.54514362373797,170.6704334491194,4.297661264731901
142,175.8178986695025,170.0254704803629,4.236881141227393
143,176.39776427354295,169.6293114014726,4.252874489071471
144,177.08969150829418,169.99260506359414,3.8934439487750905
145,177.12879721814184,170.13241822733914,3.679860918421944
146,176.73032134438964,169.82953127885975,3.8479199945347182
147,175.77088282682615,169.61886313977897,3.6761706438850705
148,175.5377692496318,170.7141932653324,2.802509669840693
149,175.46910402481168,171.76342700889302,1.9158403501655703
150,173.57255762508214,171.70071875811053,0.7977379030645619
151,171.66771236460923,172.15056346227377,0.8747221127424061
152,169.82194343342692,171.60124962563313,1.758015801872803
153,167.75869822454905,170.3412454384984,2.025203621258885
154,165.736407523686,168.7376924241909,1.8575267939201359
155,162.90600381238565,165.8680206688152,1.514481680691954
156,157.09003855664997,159.6903980870549,0.8984524408018469
157,149.5377689210122,150.96500758047296,0.5222155445026244
158,142.46826164756612,143.15372390352732,1.7989094318252143
159,135.31453076870906,135.45057678980226,2.5472689030451914
160,114.3878798091743,114.02074503105142,2.5232846025394515
161,117.08360408510399,116.62354312386732,2.7465083134983663
162,112.73221907826924,112.68451863560387,2.5980046531846135
163,118.46581111161652,118.58164917486386,2.638570845819709
164,118.89748494411421,118.99351158221128,2.83791179367438
165,117.59700536162508,117.7495523518941,2.6715642975211464
166,117.0567090300795,117.0964338832974,2.6035918849079884
167,117.85073602368843,118.01303893651446,2.3164354734436645
168,115.61030766671642,115.3218340136886,2.230027554764873
169,120.28365120322407,120.49623857785087,1.032798419691537
170,123.27384628658557,123.5233358267566,0.9010055554439528
171,137.09516626446148,137.7866741527179,0.9637651101227573
172,146.4000838792234,148.23889279629725,0.7403152487308218
173,152.62781248035213,155.47601345754282,0.032350324039018656
174,156.18143634533712,159.5684441505811,0.37947520697148635
175,158.86347180133288,162.194529384789,0.6178999850569608
176,160.67040431729703,163.74433966163267,0.5100201710740007
177,162.2037721554551,165.19015417244785,0.4593369850833684
178,164.10970359290198,166.5994934005919,0.3928457592302416
179,165.35859125094797,167.30895661083022,0.1310721148708347
180,167.25986187374045,168.70435507561385,0.0544703649204746
181,169.22370666344275,169.79582507841766,0.5068617752004843
182,170.323305959592,169.85690964492147,1.2355124123714467
183,172.33887354689267,170.37512872282483,1.987782312864249
184,173.37091146586295,169.90772684842483,3.178039864085697
185,174.79337878996887,170.23286105680012,3.660224835682801
186,176.40250794517144,171.00753447825616,3.727622122004889
187,176.9116127918215,171.1314258247329,3.748401995895026
188,177.23370663483362,171.14919225660122,3.9146063579701975
189,177.50236577405116,171.55025118300475,3.7098965758390343
190,177.87486235096745,172.00112085110342,3.5286269957507246
191,177.96492537992893,172.13033273783032,3.4638639713667883
192,178.46358348604653,172.3735065758326,3.4859673949763192
193,178.58390328532803,172.44269255524068,3.4517414127011605
194,178.67587793750803,172.42790904483414,3.4967153218758797
195,178.95450883163127,172.57801601237534,3.4492790074179793
196,178.95472026468764,172.35281693842262,3.532715173740774
197,179.17276266226892,172.33849894783458,3.4382060192576933
198,179.52352692457075,172.38926428624399,3.262714847368808
199,179.20923570170618,171.82066444681263,3.3604027853970755
200,178.9574281602132,171.0712558811119,3.632465820963356
201,178.8857983360597,170.31724954956377,3.938781704441438
202,178.62471100688813,169.41239367652022,4.334142449346036
203,178.56801108497385,168.78393581940932,4.582305963899476
204,178.22909130772766,168.4060292277655,4.667630060596173
205,177.58359933261352,168.40184285995326,4.61627902411756
206,177.32933418208788,169.22494640602096,4.337077561649759
207,177.4542191141208,170.10906963378284,4.191182889224584
208,177.67351159880718,170.40257482008315,4.125907312568287
209,177.75462436478892,170.69673504508253,3.977788894551792
210,179.01620383997303,172.64206158017194,3.2692459455918828
211,179.75234438717308,174.44090184811603,2.5827130029389442
212,179.5016029420761,175.3978017214618,2.158848749896674
213,179.82474542786105,176.66761179839907,1.7900311682725352
214,179.9449323714202,177.45076481496244,1.730720611334144
215,179.68281059958215,177.58797578376877,1.891459553921824
216,178.503593335833,177.33325952571022,1.9964486431307586
217,177.84137864840247,177.340815212102,1.9572267721845782
218,176.8485198853098,177.03935950488787,2.050954882686918
219,176.1495879972543,176.6727198768038,2.150360194965525
220,175.85526045430595,176.41550815385148,2.2882738906901197
221,175.87090104806842,176.39216075844655,2.234439969467622
222,177.05118913544615,164.58869360364824,3.848522155908835
223,177.12030969223042,164.75274029152558,3.9012583038862476
224,177.91657648917317,166.30778654275522,3.308167324347388
225,178.6345264182665,168.17953128220603,2.6711677363276882
226,178.89060110521686,169.83146552074098,2.1477776913008126
227,178.37646590192705,170.73682624352742,1.8175053819545393
228,178.9823205750119,172.03445915022434,1.5444880868891686
229,178.7800997752109,173.1687314256115,1.1218150271204679
230,179.04321381261173,173.98987866561464,1.0265238468908886
231,178.14917023846442,174.0329466625578,0.9849953042999267
232,177.70203730507208,174.15068716735973,1.0525595123991263
233,177.66607120322072,174.6178226225947,0.9872647929212643
234,177.84485485456244,174.5026967918582,1.3558778815689856
235,177.95226150423582,174.51428781829074,1.4495959441500226
236,178.02402430015985,174.12609527195838,1.6620408787693084
237,179.20682024453995,169.6256230353131,4.58165396087594
238,178.45827386151927,173.836778812957,1.8537552285351684
239,179.18087770690943,173.33495092577024,2.3683814328757604
240,179.40299485057002,172.32033795706948,2.991489100260998
241,179.48673332319453,171.04250798033962,3.676616127487778
242,179.65861864529379,170.60231251477762,3.7192302666972776
243,179.75981808366328,170.03343415344847,3.8721090654684356
244,179.92212649161328,170.006120612135,3.7823595002302035
245,179.83749031359466,170.17222486615836,3.6327074784595483
246,179.8588848778833,170.48194381507676,3.3696715815800866
247,179.90445876952646,170.29722341529606,3.370856846895407
248,179.51423819044925,169.91647725779296,3.4319518980241916
249,179.53231526314755,169.86240264061996,3.424770594145766
250,179.5778736583719,169.89261572475053,3.430904755155071
251,179.50275968465309,169.81129354031322,3.4637541921299833
252,179.3919480145118,170.1555662556063,3.2612413192190077
253,178.96629629668362,170.56222004539072,2.9462683778359486
254,179.46430907023446,173.77067427172648,3.287067316643828
255,179.3376382909517,173.21059903728457,3.4686391732999655
256,179.14831074260957,172.5662294827156,3.7316736522226033
257,179.1506072167357,172.13560141839972,3.929668415737433
258,179.00778110322267,171.67618533043733,4.092144175585627
259,178.83190423216232,171.26508774368588,4.251363450134473
260,179.05582119088254,171.4695358597402,4.166270099851351
261,178.90452660125135,172.72477393702357,2.0079844106618427
262,178.91448359105382,172.6827600511624,2.0472680879541207
263,178.9045932121941,172.52647944794003,2.1536365818907797
264,179.30101648932902,172.3151922493716,3.68158961493246
265,179.49940476173754,172.83379754753943,3.4375332526375004
266,179.64044671808938,173.27040081715256,3.2311652599967533
267,179.7835812250512,173.56636193236497,3.1246551893432355
268,179.78759445297572,173.64181696156925,3.120434453515943
269,178.7172758522112,170.851812087988,3.2593310720924857
270,178.71450339033296,170.7678867964847,3.3172926669425737
271,178.69909694492634,170.71062250501836,3.346227022257959
272,178.7283876829627,170.73244847322053,3.3350232552832946
273,178.8623556157963,177.66325936772088,0.9472191942450413
274,179.42161501459591,178.12643692093027,1.2429953751193654
275,179.80746496613807,178.53634142988162,1.5299171631245054
276,179.7402405799738,178.85910013307912,1.7103222167081382
277,179.41375821756796,179.23667648020057,1.8742246700290492
278,178.6495331307602,179.655956153706,2.074716303441969
279,178.3209781202161,179.75740642584609,2.148534984485059
280,178.1542294422517,179.80289513335208,2.1923664319937184
281,178.26156318250287,179.82327449754686,2.2498438796323126
282,178.3495473943526,179.85414727294963,2.31416154886301
283,178.42490998611228,179.9143416109919,2.392300229692761
284,178.5413747367841,179.90606458227322,2.448908394516125
285,178.6879409820403,179.88166809491898,2.523602798970989
286,178.7568731689457,179.9184764094736,2.603336259713738
287,178.8430119713336,179.93347207479198,2.701327302066423
288,178.8822849927034,179.93921799169055,2.7218075073302845
289,178.89788897446073,179.96154021686982,2.7336384371326004
290,178.82187165235558,179.89821095898068,2.799519876630664
291,178.83787310071384,179.8509294646027,2.8521984203620763
292,178.8493614929488,179.78049321847257,2.916190061527429
293,178.80305087006792,179.60501498182825,3.01246300243565
294,178.77238235147823,179.44054785220257,3.0719896675166147
295,178.73883805798815,179.26042395135582,3.12550940416301
296,178.2970424481139,178.74224250306804,3.176192968051565
297,178.11303010240795,178.6129048295191,3.2121839514803097
298,179.09692993892514,178.83649052508568,3.251687397316318
299,178.11104717363003,177.6699735324189,3.412013547315255
300,179.96747675844762,178.41442690568115,3.4650132641316915
301,179.1239087188316,179.13655482627945,3.3861067030259027
302,179.33115495528065,178.2990545590608,3.4886490309433515
303,178.53449377567563,177.89514330940148,3.477059945499393
304,178.0333407532462,177.81346161171132,3.484077484575831
305,177.6953989568871,177.5763611274708,3.4822627834782955
306,179.12857044936783,178.15285190869042,3.553291954771966
307,176.1654767715228,176.73460277476914,3.303375841539709
308,176.41900797938288,177.470536664041,2.976393420358732
309,179.01141384174545,178.74302756202155,2.9972584174943555
310,179.69614758960114,179.37282760506474,3.0243299189392494
311,178.18783221651083,179.95412511545828,3.0734217667044463
312,179.69371421786065,179.31125332775278,3.068554183743006
313,177.83798926093087,178.5968523788749,3.1227724092025313
314,177.40151589659223,178.1209964421751,3.1737036216693437
315,179.36376716737095,179.3358577828795,3.180576677890109
316,178.83452347527586,178.61292303495824,3.380780636529226
317,177.66119813718288,177.7136933460486,3.671109821835696
318,178.96267032265627,178.32849865542406,3.6222623468175703
319,177.99470583831734,177.9587508997068,3.582526611142158
320,177.64564812610823,177.63105946710823,3.69974266735057
321,177.07641819939235,177.5781737783749,3.593767248423107
322,176.67072154067083,177.31991615214224,3.641147433188002
323,176.6952261238835,177.20692884050362,3.7547461900417165
324,176.71789540287278,177.10630918806146,3.860833805285061
325,176.87144332172733,177.18875167152507,3.8937981943967976
326,176.94687474066225,177.17358229884923,3.974875079780962
327,176.75983954834868,177.097751791348,4.030611596729285
328,174.48326070500954,176.07268405001273,3.983348932427719
329,173.23833721447002,175.3316491761764,4.066212103588675
330,173.09685855390734,175.2404540967811,4.118792369966608
331,173.0898664086359,175.20185474069865,4.133212704856821
332,172.50189465354686,175.4626088996495,3.997620922877771
333,172.374717708569,175.79824257665433,3.8580883919744613
334,176.25525376742746,178.06781774966188,3.797781183075477
335,176.58362383822254,178.26450967932593,3.780862010287058
336,176.41563079891142,177.97955239990134,3.885336794348795
337,176.3167078631584,177.768413398563,3.9750278743212997
338,175.47519925542287,177.30204753762013,3.9704262803653543
339,174.96245135741094,176.98986929637894,3.9821169353970074
340,173.57297924682604,176.24774957787812,4.071471579500874
341,173.6306114675078,176.18932826732674,4.196345664158376
342,174.09528123872138,176.1871241872389,4.389814897347773
343,174.28638680481836,176.13892738336415,4.519447967552675
344,173.3543389938132,175.751455404614,4.556448393793377
345,173.85773265662186,175.92712770332164,4.608198117053404
346,174.31777520816559,176.21465453899575,4.612583524980321
347,174.16921517820148,176.14869761988956,4.5808935562312705
348,172.92921605131934,175.78930117804768,4.367407754969188
349,173.13865039001035,175.58664220499264,4.425680133874691
350,172.94842056553372,175.61857818278375,4.402135135080842
351,172.74137004859907,175.62828585279829,4.366533060031744
352,174.39150790557306,176.3606766634768,4.5015947481421605
353,175.12374366981848,176.67007137549768,4.541442741768301
354,175.20209752486178,176.74870431589386,4.529619298736414
355,175.11092527362578,176.6412896139489,4.597144379626555
356,176.14575795651368,176.75428425243496,4.645493131655651
357,175.84688224465822,176.33341415827465,4.706032173173251
358,175.62168295578348,176.2928210325578,4.654917431006314
359,176.2739058604574,176.59729072968946,4.595891509921706
360,176.5415018268606,176.76361412426127,4.528784066314623
361,176.8998201188545,177.1229040035462,4.306342803117758
362,176.83931330347096,177.06738565488862,4.266921613962969
363,176.7974699036483,177.14257244817782,4.15009498645075
364,176.6557624741365,177.04247481716823,4.094242456770707
365,176.60852655242348,177.17900995956347,3.903541745255756
366,176.67549059819396,177.32103489589514,3.781749996181641
367,176.99716305846326,177.61074079746507,3.597964457823688
368,177.6848927809129,177.95910749016855,3.4857139919882574
369,178.02064958870037,178.3332172827086,3.260699573374456
370,178.02271473526312,178.4481289239205,3.1312418374930635
371,178.1085166277968,178.56159318798436,3.038286650924715
372,178.09322422850428,178.58150384629485,2.976898396895072
373,177.76035348051465,178.39686948710343,2.986119829355608
374,177.10492236144984,177.61569061510173,3.235628214649436
375,176.2590828483304,177.21725837152255,3.3632580181155234
376,175.79842485411794,176.9986690589319,3.421577099326605
377,176.0574394569889,176.91348409296376,3.4240349153835288
378,176.25473119253945,177.09677486849895,3.3012304754211206
379,175.73738328213926,177.24018646489867,3.121594203947341
380,175.91582451505911,177.71208122415533,2.895110116699594
381,176.27380143945473,177.82082807906448,2.8081670132840384
382,179.94817518124572,179.84022308236655,2.6798992433314415
383,179.50100903657875,179.78136226517145,2.553065341265195
384,179.47715888127706,179.86326845165289,2.4345116700800555
385,179.70042757192707,179.86343108556062,2.23856200488168
386,179.78631663881526,179.79784987449963,2.1814488597162067
387,179.94914541673586,173.31870567440873,3.4002851711342013
388,179.8447142611831,173.29124232936695,3.3845093705366036
389,179.76619098849343,173.28332321180196,3.365812835478074
390,179.72476827229025,173.29028904898718,3.3481580207412027
391,179.6986531162907,173.31681157077293,3.3256878679819635
392,179.64991915248072,173.33352088422083,3.3032250829598007
393,179.5930765057964,173.34650610123458,3.2770433952327873
394,179.54944020090548,173.36029032800502,3.2544152825704256
395,179.48569269355298,173.35335495449192,3.2380792822745894
396,179.4282970560201,173.33418469389298,3.2397174159494395
397,179.39468821055755,173.28341485693323,3.277800131728403
398,179.354951636953,173.23406513593156,3.311433577994971
399,179.30995370704434,173.18677280965656,3.339417562304163
400,179.26907573780986,173.16014784797554,3.3438810656336955
401,179.2353347121927,173.14052337332413,3.3425476040105226
402,179.2131066485416,173.1144411972568,3.3444121880643234
403,179.2013817010894,173.0760373755,3.3543713029646325
404,179.21588295398175,173.05157277325657,3.3721403319333523
405,179.28166366854705,173.06506371629987,3.3808042053059686
406,179.29677115597656,173.03941603871388,3.395036407805619
407,179.32712711385074,173.01734006177045,3.412503345778642
408,179.339392286219,172.9729351382237,3.439957313385518
409,179.34482691549854,172.95048273677946,3.4477455477274193
410,179.35133527377224,172.93355144647177,3.453359120052667
411,179.36162895607214,172.92041938689067,3.4613049931491466
412,179.4244038928992,172.93748034517634,3.4663386557193756
413,179.47979542552144,172.9606907478767,3.4652992410937955
414,179.53163844487963,172.9919561612036,3.454099150398791
415,179.60512731132232,173.03350478967718,3.4436199119766093
416,179.66617173638548,173.07533063229783,3.430027966955983
417,179.70028818779983,173.0938217004674,3.4238704343655195
418,179.72122172837527,173.11016743244784,3.413855951227146
419,179.73390535810606,173.12724965614444,3.4016132682167326
420,179.73959968301241,173.13859150819826,3.3914953296362724
421,179.7428980876568,173.14662938719837,3.3840404252600087
422,179.7514104202985,173.1580268991646,3.377891354135233
423,179.76384659690942,173.1673824949124,3.373977706613631
424,179.7712041520077,173.1744403103917,3.369228314275481
425,179.78083174363792,173.18002553810405,3.3673310842517723
426,179.78078582841044,173.18879036215716,3.3577553621169334
427,179.78070705147798,173.19817844607448,3.3466921205631537
428,179.78359324721126,173.20158002534885,3.341264927199251
429,179.78152372586848,173.20433920355154,3.3348886471019
430,179.78150388362454,173.20271298254698,3.3339271162880615
431,179.77753645857499,173.19881126092832,3.3327317552303204
432,179.77362680777946,173.19593143927133,3.3303918740425296
433,179.7726420771672,173.19906930144242,3.32710658123836
434,179.77549992427535,173.20223928457327,3.3240934949738468
435,179.772595123799,173.205735065189,3.3206883289335467
436,179.7745014575075,173.20782991712767,3.318928277880226
437,179.24008807197404,171.0965200795721,3.372562281240472
438,179.25865636337008,171.11439307408932,3.3659833232846967
439,179.28257494321576,171.1437312495304,3.354293733514245
440,179.28919577252964,171.15934932427467,3.3498985085044426
441,179.28606566176595,171.1656420693381,3.348005968079558
442,179.31168691213804,171.17903039067363,3.347855630563258
443,179.31822589104686,171.1862274651092,3.347419244421051
444,179.31982746803527,171.182705163,3.353015638303203
445,179.31458135465436,171.18836472391592,3.348500266690126
446,179.31441471221672,171.19358285184634,3.3480024843675835
447,179.26134682961955,171.16290538929246,3.338225105148097
448,178.97104716538925,170.98491924722885,3.310641270679517
449,179.0590774030704,170.91388337197102,3.2514130438932423
450,178.92794930984792,170.61133772581672,3.1790214166812216
451,178.82541593981784,170.3520310508525,3.1348428622131848
452,178.73804201313158,170.11485037608736,3.118746900498063
453,178.77526508563534,170.09552785777421,3.112522996778367
454,178.79303555150366,170.1410776386435,3.113111906549083
455,178.83379656054836,170.129154021579,3.1386715800620357
456,178.8367058387329,170.1295853828276,3.1384784675256308
457,178.9082385732031,170.17772319776967,3.1398961979367197
458,178.96771810616815,170.21447680901127,3.1453675767190394
459,179.09199525904245,170.35472455695185,3.116195425626175
460,179.2392695641379,170.57136393329085,3.0468950213568324
461,179.36480550382424,170.74732836754902,2.9822364325022206
462,179.49790266518707,170.89620889315933,2.9371502511859733
463,179.62567214443865,171.00305246758222,2.9181648044434705
464,179.6937553137691,171.04883863454893,2.9200023615471773
465,179.72470729693154,171.05771463461818,2.927695637530886
466,179.72805911786458,171.05448033102837,2.9352129857412654
467,179.75790509418522,171.05696165013583,2.9457240173327337
468,179.8513944733864,171.08708305315,2.9519667249322135
469,179.91245385913592,171.08462144973467,2.969141965564852
470,179.9437937760463,171.07495133943547,2.9822055647190884
471,179.95749380357617,171.0602697403145,2.9938682618798014
472,179.95247181564568,171.0239299180468,3.0146838397832045
473,179.94792910591264,171.00576701715448,3.0257601343816662
474,179.95246420019262,170.97891274123972,3.0423778247455893
475,179.95245915719914,170.96400187611653,3.0552416162600426
476,179.9574653977498,170.94781845857892,3.0694237117365866
477,179.95244085179954,170.93300810648228,3.0840192819399843
478,179.9478975333241,170.92001981425028,3.0913148407384283
479,179.93983002539997,170.89871238563862,3.1022415099237213
480,179.9294255506571,170.87888888321172,3.111028367644062
481,179.91758355681716,170.86000842882848,3.120221645269942
482,179.84080921579027,170.85816544901516,3.1212978605856083
483,179.78527620026884,170.86792400596585,3.1136066743092097
484,179.74141202296207,170.8718684918145,3.107116926339091
485,179.7109217372736,170.87389923852302,3.1039302449786494
486,179.6862312329914,170.874130520849,3.103621670679533
487,179.66334687304132,170.86751192020873,3.110123625294507
488,179.6600253126678,170.87174774978214,3.112684566023858
489,179.65740005539234,170.88881549573773,3.1010410866472298
490,179.65024322806465,170.91182042717145,3.0801933605401515
491,179.64133114589393,170.9226688240031,3.0702304639119027
492,179.62834997578244,170.9194274949027,3.069040023523324
493,179.61756343513878,170.9099765725594,3.0733213627678304
494,179.66194323727814,170.9267536504309,3.0790844550236183
495,179.68535341757593,170.9287581257971,3.0870154181807608
496,179.70078538364396,170.9298220206199,3.093204306747052
497,179.69849337865315,170.91494983730172,3.10212050141558
498,179.685924996673,170.89363623275108,3.109452151744532
499,179.6752230287596,170.874555733209,3.116366932350497
500,179.67238246429233,170.8677429503445,3.1203704177819485
501,179.66749639938635,170.8539980483075,3.130153306155451
502,179.66477458206205,170.8458395016646,3.1366864405021504
503,179.66201309098497,170.82674795187754,3.1530956093547737
504,179.65796894361804,170.81165351322335,3.1658905390398107
505,179.65666763436334,170.80280530094936,3.1741211391336397
506,179.65016747267262,170.78966730347508,3.183662747527321
507,179.64566979240593,170.7719330526581,3.1971832929682154
508,179.63747115891715,170.75976755496748,3.203029907200883
509,179.63190664933254,170.74683339849454,3.210959690396071
510,179.62399311614217,170.74156799131248,3.2115353312152424
511,179.62039891682423,170.74698229131909,3.2032694935176473
512,179.61566634050212,170.75196384594798,3.194838166230308
513,179.60925300853864,170.75604789129744,3.188455005926513
514,179.60293857636447,170.74978049023096,3.190457783986393
515,179.58953773605293,170.74019517721982,3.192339670771596
516,179.5797812708602,170.72808059803342,3.1971835224818297
517,179.56712382857552,170.7199559840796,3.1977781034995596
518,179.5620005114288,170.71879020901227,3.1954728134256043
519,179.55740901431665,170.7131221473073,3.1981559810625573
520,179.5544097569294,170.71076385162976,3.199651228502998
521,179.551945274615,170.70800712692545,3.2015673752725746
522,179.54950365020187,170.7061460728228,3.2031675346444906
523,179.54755606926187,170.7044708925809,3.204329189934692
524,179.54364394238735,170.69857360135165,3.2085709605909494
525,179.53537803820987,170.6921218119412,3.211526601809801
526,179.52346807064043,170.6832431686572,3.2145942019719262
527,179.51557631732427,170.67733196286096,3.216434580553582
528,179.50967376392475,170.67750764356492,3.213586654678702
529,179.504725216788,170.6774041162149,3.211312876647342
530,179.49620801775876,170.6767321102479,3.2095588771410717
531,179.48917516368613,170.67327342349617,3.2117336341126066
532,179.48133840851077,170.6657476050639,3.215366198161119
533,179.4758040365598,170.66949225317953,3.211748934177812
534,179.4640614375566,170.66213622663233,3.214646334102368
535,179.463814394649,170.66192660381148,3.2177474959262864
536,179.46026671747995,170.66114865355289,3.221247940125026
537,179.45496118188652,170.6552829566688,3.2257654354339413
538,179.4485038217173,170.64994905913588,3.229020009942632
539,179.43570672679706,170.63406376040732,3.2367198300119546
540,179.41785890006244,170.60403659107826,3.2512052933747477
541,179.39672444227335,170.57558603046735,3.260319814782839
542,179.3814347921365,170.55198627796062,3.2703924316129784
543,179.37154022773368,170.53880013949737,3.2750555954935074
544,179.3574804203739,170.52087360781556,3.2806509650779634
545,179.34956569063306,170.51396631936313,3.2807352031562544
546,179.33835318101018,170.5066232353443,3.279653974218546
547,179.33302761553753,170.49924901916805,3.2829996726469446
548,179.32774931904973,170.4945615834279,3.2835749919399984
549,179.3261255541735,170.49245934081674,3.2846191947142143
550,179.32382889738898,170.49003718437623,3.2853351976763228
551,179.32287431899067,170.48836527383784,3.286209788054482
552,179.32127179669192,170.48631606211003,3.28783286892083
553,179.3186899465281,170.48364973093965,3.2887322034103406
554,179.31643871772778,170.48167713663437,3.2893907901541186
555,179.31258421803238,170.48173067200878,3.287372449679255
556,179.3094310698586,170.47894732325855,3.289140306664239
557,179.30929395394344,170.47833745637158,3.29123265886829
558,179.3113356035456,170.47279661889516,3.298580270829033
559,179.30911217446513,170.4714721036444,3.2994523297580267
560,179.30784548399757,170.47109824841766,3.2998464364209097
561,179.30533075542593,170.47105761619972,3.299603873642517
562,179.30217451580378,170.4691751057996,3.301217494706349
563,179.30285102829401,170.46955881154068,3.3016158391763093
564,179.3007029170297,170.4695910384408,3.301612730939335
565,179.30007756995053,170.46779961990643,3.303218322293083
566,179.29664495455066,170.45819964643522,3.309750875535479
567,179.2968512762373,170.43643547444373,3.318556624060079
568,179.31053689714108,170.40285803911726,3.3334490366929894
569,179.30648003070178,170.3461778698527,3.3619742143450164
570,179.319092273648,170.31526860401576,3.375257327005097
571,179.30664773600913,170.28020209686787,3.3925723846175337
572,179.28750674468048,170.23117090569704,3.4179185190023578
573,179.27940741560136,170.1770810879084,3.4432259799966816
574,179.22853659796584,170.06568364250242,3.4831609983901446
575,179.2117958133204,169.95249194699144,3.5063459524166363
576,178.88073492843893,169.668090899012,3.53588371058337
577,178.7259308582995,169.43215471294872,3.552687385433808
578,178.61830799099488,169.25041960523873,3.5779925415627685
579,178.58818631971195,169.13765534428745,3.6038282187869517
580,178.56046434292588,169.11289786557393,3.589308115965596
581,178.54405969568353,169.13469252962386,3.5652596713708467
582,178.57078556096698,169.21594720189995,3.5216746132299317
583,178.58502482616285,169.30456841289416,3.4719617738963637
584,178.59761648735318,169.37742351917242,3.4332994647056987
585,178.654415460783,169.47609438072612,3.3931924486154923
586,178.71288284129764,169.57557562481955,3.3592368978136404
587,178.7469069083184,169.64856721812896,3.334815240431273
588,178.76053093506738,169.6958513715787,3.3192790798684997
589,178.78544437863673,169.73147996277316,3.3118829577263513
590,178.8398617989549,169.76087135172605,3.3199710562697176
591,178.90158532144912,169.77832050046587,3.3394218803079867
592,178.9546676619058,169.7856887404618,3.363603708805488
593,178.99205261075642,169.7894479789302,3.383170077035062
594,179.06108472351357,169.80771613415334,3.400095729050519
595,179.1220462959127,169.83547564596367,3.405657062102351
596,179.1713890042147,169.85680060271778,3.410655079127752
597,179.19941588631602,169.86444971734826,3.4200473864647556
598,179.22757731938475,169.8771997502209,3.4243797748027744
599,179.24810248992762,169.8891080427928,3.4259739074383364
600,179.27212786067835,169.92792166689037,3.411556479739652
601,179.2902754746515,169.97111536912337,3.391952324371181
602,179.3119299412829,170.01913801558143,3.371258420969353
603,179.33493549516135,170.06247697834348,3.3521972852255213
604,179.35260150063633,170.09647787490863,3.3377095804946912
605,179.37392416265132,170.13332684921127,3.3245090189703768
606,179.38506803824166,170.15060522739216,3.319489870235383
607,179.39055231885916,170.15912965373082,3.317415145033401
608,179.39164516563946,170.16025192349537,3.3176832509964
609,179.3938425516352,170.1599362359474,3.320849141762712
610,179.41214614461697,170.17158099179005,3.3211027154823762
611,179.43299704003957,170.184698265744,3.3208014323976305
612,179.43997607658392,170.188758375127,3.3211279460534002
613,179.44375822260582,170.19244530523548,3.31933576452223
614,179.46249942573357,170.20420464853498,3.3186406197236966
615,179.47761266686027,170.20819960970263,3.324680028952497
616,179.48576379518232,170.20976342271194,3.3284700391458104
617,179.4948419387685,170.20891035845045,3.3319100084769304
618,179.49610264145102,170.21329475014227,3.3331625197424177
619,179.50093744405964,170.21881352219341,3.334845590999857
620,179.49911549649528,170.21600876766075,3.3443857610200887
621,179.50036356175764,170.1763908622306,3.3878434202666425
622,179.5831296237936,170.20812394414216,3.397875990383255
623,179.65272365375634,170.24242638736703,3.3988426265377147
624,179.71902362708227,170.26705969311607,3.409582645150242
625,179.7475302511732,170.24262267675064,3.4466912590895338
626,179.77875984096787,170.24861238901852,3.4560344284072055
627,179.80808646348365,170.27197566442663,3.455431800188692
628,179.8385789911275,170.3100830131145,3.4433602979644164
629,179.8610014746383,170.33917300983035,3.435287614746596
630,179.88783045800042,170.37879303416668,3.421336260322424
631,179.92068075053476,170.41525022042777,3.4142123771266166
632,179.9525978481657,170.4403300977412,3.4125083566038454
633,179.95260915285976,170.45356077033688,3.4104302837678357
634,179.9788077198957,170.47626263534264,3.4049682679476962
635,180.0,170.49653471386182,3.401283163732262
636,180.0,170.51121626279763,3.398105004047746
637,180.0,170.5218243011818,3.394058995376015
638,180.0,170.53433892170685,3.3881894282245497
639,179.97881929006445,170.54751782855269,3.3821160465570164
640,179.97004877360297,170.56856908251808,3.3669215114266584
641,179.95764826694025,170.59926361693954,3.347092898488373
642,179.94398181663743,170.6249649421475,3.3301113422865294
643,179.92978659261368,170.6471853290142,3.3210047962036673
644,179.91801178033342,170.66356673784847,3.3119060114171277
645,179.9101914331944,170.67891953723193,3.304465568002665
646,179.90071672983586,170.69545204998838,3.2945497253361906
647,179.89207312804538,170.72249134488402,3.276587808048628
648,179.88033362811183,170.74837814631593,3.261419210302659
649,179.86794633937723,170.7819026106301,3.237008867305372
650,179.86137162325628,170.79298429896082,3.231371486408497
651,179.8490442025674,170.80779840452803,3.2226765911245905
652,179.84759152698493,170.81830560618022,3.216482677933903
653,179.8376663933686,170.8254977174181,3.214753660726493
654,179.83225878810373,170.8282960597074,3.2162094145662317
655,179.81578654073587,170.84925944111063,3.211791912036813
656,179.8169866781352,170.8563649445858,3.2075164780146994
657,179.81456536559043,170.87194330429625,3.1989125874657924
658,179.82063866758915,170.88268737819794,3.1840653639234207
659,179.87852580945577,170.85733667737276,3.178445061680157
660,179.90073460171016,170.805043815133,3.2126530666565727
661,179.9700468991484,170.6124718006255,3.2925516095617913
662,179.76270197788048,170.40665675948753,3.349851064994376
663,179.27587705055623,170.01595306592597,3.4564934480728504
664,178.78048933446684,169.56507690053124,3.6342791592935373
665,177.8976534356017,168.92882312454412,3.7534542823859476
666,176.8820649388048,168.22818629987225,3.879433825628307
667,175.49901725850566,167.25459493462756,4.0248170284265745
668,174.29808686783753,166.43551983119275,4.088446991353803
669,173.31921043800733,165.77617473793546,4.150568390101856
670,171.62401834023112,164.56398915837147,4.2792411077894155
671,169.18138105838406,166.03852075310513,3.4371110646403276
672,167.76864239295102,165.16196000923594,3.3707130012005306
673,166.1521338860246,164.0483090180771,3.4474079809050227
674,165.36154493016303,163.45999134689438,3.5364568716244693
675,164.87692931376,162.90699522474208,3.703845330240707
676,164.64636227073765,162.47040239176482,3.870562786405329
677,164.38161389788115,161.98448817713563,4.001459061381259
678,163.50673619953915,160.97897760918082,4.13988404329938
679,162.94256779621836,160.36929119288098,4.239679475129182
680,161.85507578437407,159.2085772267513,4.312932926695455
681,159.6636671173509,157.1431450864744,4.522238897764644
682,157.84866513993626,155.29677938930033,4.644096719995417
683,156.52296208408535,153.8161842040076,4.7704203430891265
684,154.6424878025629,151.7990630512426,4.882745595433893
685,152.76943696941595,149.60735032398964,5.098877933433595
686,150.1747631149239,146.8503990759937,5.187918412902445
687,147.1281049703044,143.68204731270194,5.270413800666053
688,142.53635839288566,138.79360557739793,5.575729173905915
689,138.03794649476777,134.16528244851085,5.628283974856999
690,132.75333898733766,128.51985419174045,5.855402453999402
691,129.19177543857742,124.60981587977545,5.97575067393407
692,123.4583806690575,118.73208995673211,6.068371919987223
693,116.34776250732462,111.57060012924185,6.123575064855713
694,111.37994022961638,106.29287613636701,6.463331987384497
695,109.3867714890125,104.43136922350527,6.658070142292322
696,109.54003131196956,104.79447019066743,6.860930558037367
697,108.63505844226886,104.06561863730204,6.974754174786329
698,108.5437260477458,104.06306130851185,7.084970593991287
699,106.7797650336409,102.16929114908638,7.267686427652189
700,107.94894605770659,103.51335005663381,7.342630608296534
701,104.23129471854176,99.88028520178877,7.331675002373921
702,102.53067992542209,98.29526841334932,7.308951589158488
703,102.36459371368548,98.16633424619283,7.307264442116366
704,101.18380353658249,97.02100439192763,7.282455737277408
705,100.76262326911957,96.6121075207279,7.258577793989081
706,100.4026402929202,96.2656698377768,7.2702340440827395
707,100.16710184319028,95.92372005511855,7.266253022065782
708,100.71831046991095,96.43882296643683,7.247955003694727
709,101.2976764697965,97.0921627379053,7.162388058314684
710,101.51752927306356,97.34660148994044,7.120562189939484
711,101.68306118593173,97.60655875406016,7.03524743777537
712,101.87840538264025,97.85977462619869,6.995120069193834
713,101.97527978721779,97.95445143944441,6.97143181940169
714,101.96824488744404,97.96159907133949,6.956724746276954
715,101.56467962518397,97.45583931378513,6.945952734344885
716,101.1803216948021,97.00515347976882,6.943662726263231
717,100.86262608636561,96.65787977055055,6.930212786035583
718,100.69705019803179,96.48397812883522,6.899620685133378
719,100.70214191812653,96.47828084523275,6.8862835328269325
720,100.64032678504886,96.41132329882973,6.87928292536702
721,100.72078616188641,96.45893811361171,6.870810548918586
722,100.65415587715916,96.28075379980866,6.8240205598410855
723,105.32021822350652,100.87705648281784,6.870282316282628
724,109.91608891241852,105.60416030292478,6.690542277992336
725,118.00790598786568,113.82778737018579,6.515342130467031
726,128.19679521244706,124.06511235742755,6.435396988600775
727,136.99313617202077,133.0510776988795,6.177324396240038
728,145.1676225452006,141.31837504794268,5.9096454718675915
729,152.30383133742095,148.0850117554898,5.837423827336746
730,155.79727008622933,151.57362875980465,5.741448207555697
731,159.35885923042213,155.29950875643624,5.511978899881888
732,162.39029540449215,158.5492592757495,5.144444817594824
733,164.24563218445587,160.90670638680996,4.64913567661891
734,165.2610468258853,162.1453824363245,4.3710443024534325
735,166.63427075214676,163.43338667721702,4.273361644963228
736,167.69796257725739,164.65308504161743,4.0127407451932635
737,169.13813734622585,166.13210773821763,3.610226718538078
738,170.61717083559532,167.5001258712117,3.2870249819666872
739,172.17701986640452,168.56723044014814,3.1400868679784346
740,174.00534132299452,169.9078797543088,2.8863112833548237
741,175.46068240203172,170.8496874249772,2.8028347671385387
742,176.54180776164637,171.36658959237437,2.8383805340599952
743,177.74997318516228,171.98691993725322,2.8598940820337786
744,178.68909854144928,172.39865456905787,2.9067206550506675
745,179.14385933616254,172.56123412845736,2.9784691187760624
746,179.36605174917364,172.64728041365902,2.9756289365595445
747,179.51779360676136,172.7065598786808,2.9985702880789407
748,179.5462366882685,172.71336513322518,3.008776226795355
749,179.50902751160515,172.68657600749103,3.0231304817498
750,179.45069397258266,172.66096876407101,3.032429662524812
751,179.39068450483657,172.64263744333087,3.016820650803028
752,179.36980628613813,172.63644344632726,3.010646555009961
753,179.38260044531262,172.63874977002257,3.0124344590491114
754,179.36896640796496,172.6319440358723,3.011738835574002
755,179.35961023399497,172.6260872556355,3.0115120287394066
756,179.34714957984878,172.60560098279888,3.017950351681786
757,179.31017036980924,172.54589370801008,3.037009009172747
758,179.25937198632835,172.45535889929712,3.0726772196516015
759,179.22917579532043,172.3828039646818,3.107787028273392
760,179.218542418867,172.32181565746626,3.1443962764632007
761,179.20707336886036,172.277105942072,3.170184959848811
762,179.22737541274103,172.28504912608116,3.169478223652206
763,179.0850694598085,172.22070801302047,3.150493641019745
764,178.70287072060162,171.98041325994623,3.1792593888032767
765,178.38496219871527,171.80754871093808,3.181990828176763
766,177.53560957780675,171.28773560966772,3.2394520067631847
767,175.61097937051318,170.39091595737082,3.1167576648821282
768,174.078606260087,169.59774995330912,3.024501759599298
769,172.48100021974642,168.60788456239214,3.0227539937671715
770,171.00236710662207,167.79196235559357,3.00824128061002
771,169.94770159006686,167.20964407330084,2.9296276334762656
772,168.72948142445233,166.46715633662427,2.960932198090878
773,167.0211589638975,165.3368987507185,3.0282449399902824
774,165.53893096579606,164.1863491894432,3.1672422299567766
775,164.38755927065398,163.1757478444778,3.2767354176523424
776,163.45635487030694,162.194485503453,3.4697364993400175
777,162.07057987136818,160.7021230447118,3.553437226311144
778,160.66587983585862,158.77673594826675,3.9609418338517797
779,158.22009883012984,156.24223255954772,4.314117705009976
780,155.7440024361321,153.41145977373054,4.642621670993208
781,153.40833307335936,150.96094736097544,4.843764335573971
782,150.29584465446715,147.80926800985145,4.779459835686841
783,147.7531793753364,144.91396493832917,5.07104147885343
784,142.17796618692998,139.1395104896619,5.219146902545631
785,137.55629482734562,134.3761150382026,5.153893250553916
786,131.47294422504132,128.2023715661027,5.144490264555104
787,121.83105506525624,118.31285239809998,5.308248354117722
788,111.9851914862924,108.48111396471148,5.198489799391649
789,104.08246363013595,100.49152497364831,5.321066509337377
790,99.2788905191999,95.87442923608405,5.348360197799395
791,98.11829732693084,94.93143371501066,5.492922666005563
792,96.27940260994045,93.07385604231959,5.666823507767754
793,94.99683585139057,91.82437556789647,5.664374502534369
794,96.22116652507488,92.97702438338767,5.758801844651046
795,97.61481085210572,94.38464902772584,5.809513414594276
796,100.91959919142201,97.65748373925778,5.871076213051406
797,100.7394901828183,97.27535729325609,5.95958073807032
798,100.82147408411363,97.12947174262688,6.072009378856724
799,100.57242721087137,96.5784584819407,6.129788365844664
800,100.42143990796197,96.21105823270848,6.200860229436359
801,100.49037261485611,96.14098572113737,6.263091516723186
802,100.61042785386594,96.19393572904823,6.3163887023993235
803,100.54417301956485,96.10128128721169,6.346874115310084
804,100.18747392153065,95.7308722813127,6.352655391448931
805,100.2484731408676,95.78387553261582,6.32582302626489
806,100.30836096069514,95.84739052085567,6.31643808803389
807,100.41541235390113,95.91845857599542,6.348812402405888
808,100.94543993092769,96.46843463022746,6.331238085517138
809,102.23895580864155,97.80958176965284,6.297349025194441
810,103.5923088632885,99.16377053165114,6.300391333656475
811,107.47549954189188,103.12722500718553,6.163770364515126
812,115.65056131092715,111.62182280431232,5.79800188496645
813,124.99704098773961,121.0746165835936,5.658957802826997
814,135.08844807552657,131.4213679896234,5.253064407422628
815,142.83162971698616,139.0504656799969,5.325065203438604
816,150.11612787390862,146.1440829718979,5.434384760054289
817,156.52424483549933,152.4843058944115,5.422117887361846
818,159.97360578403507,156.0012562620607,5.352830619962779
819,162.41165317744444,158.5610439121819,5.21637313300036
820,164.2178962578626,160.37332052875698,5.14822026455207
821,165.72930159728037,161.98107716061125,4.8257423746990185
822,166.98868503101465,163.30989219103347,4.566924836127359
823,168.78868381355443,164.60390465932983,4.46903606980195
824,170.10793289868565,165.69977047233846,4.2285794986936605
825,171.6870854652312,166.96077207565455,3.9652695024653983
826,173.59621547726238,168.22526731593888,3.7688656469646333
827,175.02629295377687,169.12800650732416,3.6576456480806248
828,176.21920153406495,169.8283720886508,3.5971022422536936
829,177.5870919443915,170.6284186262351,3.5287415639947097
830,178.41961351065046,171.19419293885693,3.4195146235445883
831,178.72799835378473,171.40078518103888,3.41987985110707
832,179.03339176051804,171.5705754381266,3.407267553211903
833,179.0572920665993,171.60790739801305,3.3942686292955497
834,179.0415615921492,171.6278363288219,3.3760736515721708
835,179.0234535774774,171.63629311311703,3.386370189520855
836,179.05034898971329,171.67175832845828,3.3850564557126446
837,179.0334644315692,171.69004551311838,3.3751968059257664
838,179.06234533095625,171.74172104266592,3.3555201861936936
839,179.08702320074596,171.78181236193498,3.336771488159448
840,179.12186725259502,171.85087249258274,3.305403071458337
841,179.1252698020557,171.8852017717719,3.2818661929182897
842,179.1249349008183,171.8986086277001,3.273180648206783
843,179.11998608504348,171.89797618012244,3.2681931333092247
844,179.08434114508017,171.85994352971235,3.274444514012068
845,179.06446346157335,171.83993537599315,3.2776744419479487
846,179.04833990567403,171.83075851909808,3.27240863046539
847,178.99750469705364,171.80528767757033,3.277246014049338
848,178.9662702308513,171.80196535778052,3.2799198193426164
849,178.81794648658067,171.7308588140863,3.2863283745968253
850,178.565366632604,171.58847943024867,3.3260614290937727
851,178.24545611636947,171.46363175685616,3.31726409476182
852,177.90696576332115,171.35729332175745,3.285844032393326
853,177.78521657521478,171.38440043262497,3.2641778716867864
854,177.34413744897623,171.14091340585497,3.262027724078664
855,176.67515056419185,170.81420966010947,3.279701350461998
856,175.02547337016114,170.09814179955316,3.1539876813126098
857,173.1249867201293,169.05485797368704,3.0823532466794337
858,171.5145900567517,168.13618641804192,3.023355603833008
859,168.80421391948502,166.48978533859145,2.9979607148331553
860,167.95530296395654,166.05796476689437,2.941235997989334
861,166.6641666033949,165.0771979249533,3.015367796076709
862,166.09091800351538,164.5188899684698,3.2069384066487556
863,165.17193715997192,163.39275450053694,3.420623333913827
864,164.4909834454488,162.4485138088309,3.627883333216971
865,163.8407710175075,161.49166236097014,3.825677383453946
866,162.97066714632192,160.61099261789334,3.9460792414845476
867,161.30342193300916,158.88371295435348,4.045881217948149
868,158.83830337152384,156.3580869279996,4.436966863945935
869,154.89217232817984,152.32466214324793,4.774877151203935
870,149.96266485581697,146.83481844202262,5.453758565009624
871,146.65363830614743,143.57508504033436,5.27953373343518
872,140.42253074956378,136.85771382032752,5.556218373925812
873,134.23316818626733,130.55738536467453,5.340046460022931
874,129.1742551563978,124.86976490774076,5.450772629161716
875,124.48054892647912,119.9474445196371,5.596307668821562
876,118.8434046729679,113.58098695695793,6.01210909151671
877,109.86382107772351,104.28835017641626,6.140011331039967
878,104.21210253434785,98.74149125626835,6.060842040890967
879,98.30739044764839,92.92147131710419,6.016158702858885
880,98.1457022362082,92.78305243799484,6.028055014102451
881,94.90722741783131,89.7681336650058,6.10550286808436
882,92.45694587680649,87.62559959621396,6.088583619593986
883,89.91296600305391,85.49047505150041,6.013285634246077
884,87.27871676128999,83.01559727342752,6.0504748640361825
885,86.96088788380514,82.75648115567168,6.043057755345069
886,87.83347863639564,83.70623843446829,6.011800249958395
887,89.08624898033793,85.01896961726388,5.9557847994296065
888,90.60118623203984,86.58312774140153,5.922219564712886
889,92.22188185989724,88.2923557020993,5.850395787206141
890,92.58016120411618,88.77859693700938,5.750416298065049
891,106.56647009345885,103.08458342826634,5.435577291301379
892,119.56899758597396,115.96365896369034,5.581458801209271
893,130.53636997649923,127.05115407568229,5.467191323166321
894,141.10569596667227,137.4628934375886,5.520612640594325
895,149.72153312633398,145.666267197383,5.77257099518772
896,154.91861262953552,150.72368353366025,5.915619233532809
897,158.40747238476564,154.28059644909197,5.809039340889533
898,161.23150607927698,157.3069725337038,5.542990787942472
899,163.18738346408773,159.70911191057695,5.073355570257077
900,164.10499540769933,160.89322955265644,4.68775660058978
901,165.78798283494217,162.66514898911777,4.479600175231416
902,167.7838668189414,164.4108665745551,4.248258930062709
903,169.80926144642493,165.90959813274156,3.9789133997514625
904,171.98592385949837,167.35109143023325,3.848007201003615
905,174.13157482161873,168.55285141542907,3.817921904761652
906,176.0350287846321,169.77140885355215,3.6577280979173583
907,177.85171371098224,170.83626780147438,3.563762957556273
908,178.79466512017765,171.5139566394376,3.406159543114388
909,179.07229593320068,171.7924681682409,3.2737989275333264
910,179.0076538996873,171.8667078550916,3.1856306521384554
911,179.10752586422564,171.97373410471164,3.127784336035002
912,179.04293478041885,171.99176121360318,3.0575938432043506
913,179.10391040360088,171.99985611277106,3.056918635878895
914,179.07707746926636,171.94380303785056,3.086052618026407
915,179.12464791355697,171.92987398269105,3.1085348940572226
916,179.08797406791177,171.90395269594188,3.102846021272162
917,179.0456597387751,171.86719125166553,3.110155117924515
918,179.02856097643098,171.85177419851587,3.1150522909758425
919,179.01754003466056,171.86038737562316,3.102963159994884
920,179.01736549162217,171.87385617374156,3.0868648821861213
921,179.01992665898823,171.9009528214114,3.0753683883561407
922,179.00507729481353,171.91255333630443,3.0513956248611125
923,178.92689717823467,171.8807562719094,3.0456862893113046
924,178.24379116683522,171.49163082627143,3.0870330631052294
925,177.11100204975367,170.8087560353346,3.164222269708641
926,175.72748280980613,169.94802577277818,3.240536703596936
927,174.1546700410322,169.05898377710042,3.2669052466004067
928,172.83842117937849,168.18343632835393,3.2979458349178987
929,171.40148482801993,167.49905257580568,3.1062217134086927
930,169.89815192944704,166.62456049858213,3.0682190895464108
931,168.8837049135867,165.71927649024153,3.223804838419186
932,168.37140090673083,165.12826852842824,3.499778363106564
933,167.40001503132376,163.87886330601992,3.859750468485332
934,165.80024259566306,162.3501120808119,4.039002154135792
935,164.48497075530028,160.55090753976108,4.4684526526938395
936,163.52011952277812,159.51148089480319,4.633836943520405
937,160.75316036781646,157.32503816849498,4.606618275381961
938,157.0183850850248,154.12193460842127,4.650175482014493
939,153.5928665189681,150.74820196901396,4.77625987678392
940,149.98761461279247,146.84724407444568,4.906505140049649
941,143.90721980597286,140.4271994569071,5.069900100300466
942,135.9726112196658,132.12577734367542,5.484210591831132
943,128.67307006692658,124.58040898872129,5.671667254552278
944,120.60658037402764,116.2790207795774,5.906227497418567
945,112.35350771246776,107.91246064078491,6.045949146826178
946,105.6170649314748,101.38819886293867,6.094916642052267
947,99.8228539486258,95.69422003579027,6.1979604849973455
948,96.01528672324714,92.03212143741904,6.464040822345245
949,92.15815249576524,88.16374648160784,6.595070184239581
950,87.26027548330237,83.39729965810493,6.670412558402092
951,83.40974410995801,79.63228773569797,6.777112662954006
952,82.1195521683054,78.18635095452,6.885983622549169
953,83.88984120157083,79.998836476584,6.92644893607772
954,82.50976626369473,78.62770924663344,6.9168066860070585
955,82.66080202018185,78.6475837595777,6.995033144253061
956,82.61614667229206,78.59007632534302,6.987248143865919
957,83.55231268603033,79.71150515824483,6.786139524623098
958,85.17693012180727,81.40783414392193,6.680494640498128
959,86.2685020035733,82.4828118972004,6.641890107326921
960,96.34572941239101,92.78437812577003,6.375579387314708
961,114.60879073804782,111.25850075413359,6.094796921126367
962,129.21344606876352,125.87986689725929,6.027033940764256
963,139.5906713221987,136.28207673249727,5.924961837562821
964,148.9458178227861,145.5463890174797,5.778526135043705
965,154.90747328808757,151.75158935503518,5.499463375830312
966,158.92096983807286,155.88778795049774,5.344331793364898
967,161.5766731031624,158.98896904682434,4.8306238163702275
968,163.0758934156327,160.77533884776372,4.453010621016332
969,164.6092574584949,162.7439342918286,4.010457562256708
970,165.84580120336202,164.58118666430212,3.3214275084739344
971,167.43433948098362,166.3622440834126,2.699057500322613
972,169.02471209182102,167.77830235536223,2.3612116327684785
973,171.65962119273422,169.26199699699498,2.220182091015634
974,174.77753719854155,170.94115226178442,2.244579441664514
975,176.61376530521014,171.9475941507066,2.197728515509147
976,178.23814421702824,172.83645035078692,2.212392771743349
977,179.32621558187375,173.3320965333375,2.2636827390819194
978,179.77169987540898,173.21132097840868,2.4177954762128704
979,179.93328697134308,173.04009609138654,2.5022547024422477
980,179.8768233928557,172.87670901640985,2.5576377483975246
981,179.50256782006323,172.41490552859312,2.718236891929854
982,179.35816477581145,172.2145180410209,2.772329958545394
983,179.3266786331372,172.0301399541845,2.864519798607154
984,179.2280476566516,171.88257184795813,2.9178012346009483
985,179.19659710641798,171.8054562477584,2.947399114432706
986,179.15299368506797,171.74490381172905,2.9731942983080657
987,179.10387415620391,171.72712701848798,2.9681502940630784
988,179.05547283245753,171.70089169501153,2.969090283985353
989,179.0223159842175,171.78015768795743,2.8765742393348255
990,179.03047334544922,171.9024819132507,2.771462622268545
991,178.99059476176117,172.03103190043925,2.6433970699806753
992,178.93300664131132,172.25134290533194,2.3716338147229217
993,178.64624262305088,172.07650885276882,2.1820555735451537
994,177.6453350582163,170.79319217710818,2.1746863957401654
995,178.0031947230861,169.44597424028242,2.6862670562988433
996,178.84148238018125,168.15732334679024,3.2604470894727413
997,179.70704763841408,167.34496923376054,3.348664657517356
998,179.83012382276263,166.89579591375036,3.0041465788767003
999,179.74177509472557,166.94300724612117,2.602445927433842
1000,179.92119143812883,166.6983441959364,3.003283302308066
1001,179.72372823432545,167.2861801114194,2.8493047829214597
1002,177.06559610935435,178.52531650693743,4.1615370697852265
1003,177.53977181215294,178.4475842597076,4.114492993257166
1004,177.11105251571692,179.05490123058766,3.8232668866049355
1005,177.2532573505535,179.30721044392365,3.5199706260792176
1006,178.19259628802726,178.30919658676243,3.7539698602249563
1007,178.3943640139113,178.3989343260238,3.633002865055865
1008,178.47810441569337,178.2646351082496,3.665896905583337
1009,176.94550856077046,178.85546512320647,3.7584243723471435
1010,176.53243888210537,178.15176236646866,4.07170122320545
1011,176.75208329518898,176.75848078655685,4.365554223081675
1012,177.7435985672408,175.64050439640565,4.213145139662136
1013,177.78639212961224,175.14424476630722,4.1855159096530095
1014,176.63383673603485,175.90316066505528,3.843604552210199
1015,175.2841512152489,176.014228323374,4.027007815554444
1016,173.602101652541,176.51072222755963,4.212068298323953
1017,169.91576503007767,178.71101789822472,3.975629136804118
1018,166.6905609586762,179.94761961090094,4.1792752855745094
1019,162.5241719302235,178.342513815323,4.633228071978085
1020,159.59780322760344,176.74522739622012,4.489307210012049
1021,159.4586265835772,176.4351641687456,4.23165696091945
1022,161.8037678128551,177.11595130226127,4.100324186219855
1023,163.81778294377145,177.44382275992274,3.836940879697691
1024,166.97324362006583,178.25734616718793,3.7174734547618833
1025,168.45342323403455,178.43317317132787,3.576234578989919
1026,169.72643429957589,178.6292217686979,3.2139350363548025
1027,171.05720325307132,179.22210590361536,3.141176512738978
1028,173.47238185697466,179.644201135156,2.904012536458426
1029,176.59388598588419,177.95734192835195,2.871672558279291
1030,179.02898875621383,176.98785981128862,2.4902940855672773
1031,179.77977605895077,176.83746405548484,2.205169279074582
1032,179.8541580144822,177.0302735555753,1.7697397559879038
1033,179.94252070448815,177.28214278250613,1.5708530807549865
1034,179.63839426706934,177.09981009551615,1.5282835964968606
1035,179.43923955094772,177.03554520479435,1.4384223149391366
1036,179.66321951458656,177.05357342675092,1.4261927535679644
1037,179.76416913960077,177.09830087357096,1.3105645453866934
1038,179.72152732823318,176.97028120523763,1.3176462448454782
1039,179.43894534398976,176.8158993315861,1.300334299617036
1040,179.24893298192313,176.58577990725897,1.3898057938009272
1041,179.14715265007698,176.0468394203412,1.9200545091407406
1042,179.39441542330425,176.16135370475902,2.091677126552019
1043,179.44452526803954,176.06341800664615,2.2149046913134565
1044,179.4045872164992,175.97012572600156,2.2585188094641864
1045,179.18065590994445,175.80083803988538,2.3135378931608837
1046,178.97554821281975,175.64537472731973,2.374296292388339
1047,178.97336156559797,175.60965600611019,2.401287339056774
1048,179.0660447931197,175.59391319476816,2.4452541605246885
1049,179.07421416015399,175.45749313581393,2.5260678675347
1050,179.05079105614772,175.3665937806532,2.577060385843201
1051,179.00053288589245,175.29549789548668,2.6110068370146005
1052,178.94498920960336,175.21335722696375,2.654974018824951
1053,178.84085194586004,175.0764865230768,2.7442227665513754
1054,178.7792925359331,174.9301628528981,2.8547169915774826
1055,178.62695156910863,174.71182982317418,3.0012478566864593
1056,178.4798262970312,174.6143665963522,3.0345257756680133
1057,178.26953248749558,174.58667661325327,2.986501441043007
1058,178.56161019034235,175.02833085395653,2.8318905417038676
1059,179.09329106406136,175.75394833300172,2.573675211161867
1060,179.36291541346517,176.28140697123501,2.3939151637141016
1061,179.15173023062465,176.713401723562,2.0700741182119144
1062,178.49125312273844,176.78926461728636,1.8334877345637148
1063,178.6626128613825,177.38875395736838,1.5448280666361225
1064,179.00074967544887,178.1085132354011,1.2726215503668343
1065,179.21337779966728,178.5660533301334,1.1518081114262804
1066,179.0683135755647,178.59270595825672,1.1639437355774283
1067,178.46156453297527,178.1709670380618,1.2897322354388812
1068,178.0286263661786,177.84977512785144,1.3592802245192348
1069,177.57373840031886,177.51498098379724,1.4269874541793748
1070,177.42265949769154,177.3249964520225,1.5105349285458505
1071,177.35877345272434,177.27093658641215,1.521790850065442
1072,177.36585015136265,177.27254580286356,1.527847838492875
1073,177.21689473173015,177.02358298030194,1.6412386278022684
1074,176.9959850131065,176.63893706866128,1.7967203159281264
1075,177.0086629963844,176.42126092749106,1.9250042068190054
1076,177.24171646984806,176.20954721950056,2.1293521158419666
1077,178.37421104947913,176.56755270101897,2.2984546758940874
1078,179.40084797271618,176.96859148040184,2.457436660268953
1079,179.63536209833183,177.36879941775607,2.6042786120841988
1080,178.88255967532513,177.71154230932237,2.677625754669721
1081,179.01956021262694,177.6098350351243,2.7036340319969736
1082,179.0883429717429,177.5364381413782,2.729735362828393
1083,179.76508132671412,176.84345170762953,2.8077728260268118
1084,178.6488164815898,176.1571380194506,2.866449591815288
1085,177.5162121039614,175.55494817014636,2.896440828870569
1086,176.75662707953478,175.20442219408434,2.8576796240456885
1087,176.50176892594712,175.0551740997493,2.86034194695093
1088,176.47889881178585,175.01482385696937,2.869848416320971
1089,176.4730151326378,174.959044548006,2.9020038755396005
1090,176.42991457984365,174.9172321830209,2.8872503877842757
1091,176.39256991497996,174.87299058503461,2.8912603886371513
1092,176.349810460664,174.8157148505106,2.899935002578565
1093,176.23765081958982,174.74305400324795,2.8913044668165986
1094,176.13172253716402,174.6860022029909,2.8625857728573214
1095,176.0805449577935,174.6706394879576,2.837920269902475
1096,176.02968356783384,174.69336349543244,2.7746840692303314
1097,175.95414505843897,174.69478412925096,2.7267944967089863
1098,175.88910333772643,174.66930376305243,2.7146169805792297
1099,175.8304396074731,174.6444812856494,2.7079162762881497
1100,175.812080361624,174.65393147229483,2.682452141894867
1101,175.81168384719447,174.6851946233437,2.6454573668307506
1102,175.82927295386403,174.72650757309046,2.6197120806385628
1103,175.85174782428763,174.75895404910696,2.6068892755761612
1104,175.90681402799316,174.8233319879615,2.5961997024776315
1105,175.94996826233753,174.9128839126962,2.5548187381083607
1106,175.95874140381983,174.9431010102098,2.5340799482436402
1107,176.01259329066295,175.04295543783812,2.489845051768447
1108,176.14139276786335,175.21864519357533,2.427356340844658
1109,176.18624931209683,175.2523770806007,2.428876283865607
1110,176.2789429465393,175.41619260972513,2.3552941802162004
1111,176.40197564952393,175.61080589545384,2.2793256769989725
1112,176.5463704707907,175.85535988259093,2.1788563506068264
1113,176.61910942017775,175.97997505446907,2.1266114018864273
1114,176.6525928638259,176.02511208422274,2.118470824317999
1115,176.70003714413392,176.08481467702015,2.108708115703071
1116,176.7234976154057,176.13977741256093,2.0854102995798547
1117,176.75454106609044,176.21977511199722,2.0504959272644405
1118,176.76245855088783,176.2652406734627,2.0254076000876386
1119,176.72146457901937,176.25500060139925,2.0179496868453404
1120,176.66581948967718,176.23536990149577,2.0111673793210643
1121,176.6360973815065,176.21863539174046,2.0061395600478873
1122,176.6169743418101,176.1886469327802,2.0230446803070117
1123,176.54207947717546,176.0579349090527,2.0798605554942577
1124,176.5109002426424,175.9809547522925,2.1268983270338837
1125,176.5079699069218,175.92621786636175,2.1767386252189067
1126,176.51205392669806,175.9009766300255,2.2023646422414918
1127,176.51458980156679,175.87605341255266,2.2228150249222782
1128,176.52208441796188,175.8669555111722,2.2277285840310195
1129,176.5306898830935,175.86018494511958,2.2348007314701595
1130,176.53035507339325,175.85791421173258,2.2355886494013397
1131,176.52895607947477,175.87982881433356,2.2120917154664315
1132,176.53819684528884,175.8898900375105,2.209200897524464
1133,176.5672826276359,175.9355178864565,2.184628558993602
1134,176.5715851943447,176.03070833866505,2.1267345582229793
1135,176.5773326691757,176.14467688597924,2.0615912013296995
1136,176.50021783088675,176.19839446570654,2.0005462837291317
1137,176.48763192330824,176.26606609720437,1.9575603630955138
1138,176.43104255845495,176.34422540756415,1.8676810704577989
1139,176.38133730426878,176.39802168464482,1.7927183265338158
1140,176.3051232663993,176.3919328504635,1.763457317940447
1141,176.2687192706326,176.43324097610565,1.7090412829780446
1142,176.25561200666647,176.45526881311488,1.6815343233477784
1143,176.22956752808219,176.4781385315296,1.639939722935292
1144,176.19127947129812,176.4741064345584,1.6274837064397638
1145,176.1653941048536,176.50403995627227,1.6030711834349425
1146,176.24720587482582,176.64363098948192,1.5505954020669537
1147,176.30150643385699,176.75276460395617,1.5061165027483765
1148,176.3223287048591,176.79177587309383,1.4873785101269579
1149,176.36547002388863,176.8636738051203,1.4605810636880923
1150,176.3936078492116,176.93075069656498,1.4280096766210353
1151,176.48271367570678,177.12020707570647,1.3399402421071531
1152,176.54986338375812,177.28191701127278,1.2644860853723374
1153,176.55742537851066,177.40430228202788,1.2070535819785078
1154,176.49778190892292,177.4891581226189,1.1563050724312751
1155,176.42459891580685,177.48015578880998,1.1428619679252505
1156,176.35232139719997,177.46354373188336,1.1422013917413483
1157,176.29228134918495,177.48571447060786,1.1234756446177128
1158,176.3248034940039,177.62739513279007,1.0639296763126966
1159,176.40852990916815,177.8768334560185,0.9446895463311065
1160,176.62688425824714,178.25930384719118,0.782208270072994
1161,176.75341926848404,178.57525558269296,0.6277468530891308
1162,176.92579523409125,178.8912767110345,0.494388224437376
1163,177.07980669127406,179.18976710556916,0.3617300573257949
1164,177.2135311615971,179.38975147320255,0.27944998742944716
1165,177.35202645959257,179.6090557990819,0.1884516720717423
1166,177.4151277574671,179.70906802077735,0.1332920835559541
1167,177.43810996050573,179.90774099348798,0.029792949143814845
1168,177.73063258046207,179.5745425737258,0.17631113484507246
1169,177.84731240294903,179.32211549469062,0.23868199312695526
1170,177.80251916326944,179.27939851914343,0.23694659417624184
1171,177.85158339186657,179.14051473217606,0.27769223027606516
1172,177.85294201941448,178.9762995922333,0.3632685801926626
1173,177.64826386158634,179.01885774238121,0.38591084392585867
1174,177.40730720678624,179.11989261204755,0.37757085286503456
1175,177.08504906734703,179.285363531588,0.36738245831836647
1176,176.93741792655018,179.4088293963693,0.3222015379781328
1177,176.85003438889453,179.4858616529945,0.29328009435506885
1178,176.8136317107854,179.58750594600485,0.21534145400268526
1179,176.794713264138,179.64280021423218,0.17668991597432115
1180,176.73898357041412,179.80906375323656,0.05173415890209326
1181,176.70224779087872,179.96398026841283,0.07005056643571861
1182,176.72968961174877,179.91949927240884,0.18773202981080855
1183,176.7525195497869,179.81825122287432,0.2927113982713465
1184,176.74291965780387,179.6946593015149,0.38669771144152826
1185,176.71282340799706,179.5365187637655,0.4906413428250966
1186,176.65879718468875,179.3822614034076,0.5750220903369406
1187,176.638579193263,179.288925508624,0.6309799048894129
1188,176.627662880158,179.23389227806692,0.6614087441268597
1189,176.6228727290893,179.19735432703078,0.6778009698539046
1190,176.5802831827378,179.12807229048363,0.6982640573449527
1191,176.56060787469838,179.0791711469185,0.7158684580341189
1192,176.55426477943456,179.0648768378449,0.7167701051205011
1193,176.53874014560407,179.02806218865425,0.732793719538307
1194,176.53544271855037,179.02125669848147,0.7352398127426584
1195,176.5181130809283,178.98819613284104,0.7486147146851378
1196,176.50517581891836,178.9621607392135,0.758858246933685
1197,176.49033394180157,178.9259260868797,0.7754011179102874
1198,176.4853292148626,178.88563387439737,0.7976601021424496
1199,176.4461759431118,178.79687628627036,0.8421020579261529
1200,176.34797032991855,178.62205889275174,0.9211409166105455
1201,176.23746582704067,178.3986275245092,1.025512744234317
1202,176.14614630455492,178.1872646370794,1.1285535167464957
1203,176.0621250450269,177.99294088995697,1.222960704409602
1204,176.04420075862961,177.89132399864855,1.2786787117107046
1205,176.01469050734184,177.77059671182744,1.3451148281277059
1206,175.97162218439667,177.6862853433826,1.3784834571944542
1207,175.93111929061044,177.573334419884,1.4275669169103016
1208,175.90023265755718,177.49088350899055,1.4577643678879664
1209,175.838541749193,177.38113514826037,1.4948049355418462
1210,175.81523794507106,177.31789218104208,1.507698872772531
1211,175.7778358149108,177.25251516998858,1.5079758341125038
1212,175.7349592591228,177.21623516406768,1.4724698835181511
1213,175.64458029213992,177.12168508763338,1.4571755282590502
1214,175.5861458886819,177.08207561639298,1.3981331298130732
1215,175.54278647932964,177.06877711668005,1.3325626186945507
1216,175.5573062398944,177.14629632191807,1.2375564160536316
1217,175.5474290301997,177.12410536636702,1.2210553797394588
1218,175.5541000601545,177.12045449491686,1.2181497120116067
1219,175.56442794891936,177.11948462414762,1.215052265824957
1220,175.56117312816582,177.11689137167505,1.211162567976422
1221,175.55501665844295,177.12030306499244,1.201529468904278
1222,175.52924399663425,177.1160095655889,1.1798734106963293
1223,175.50086494655173,177.07959252756055,1.186644157215928
1224,175.47627217679366,177.04747077454448,1.1950812654810454
1225,175.4584159853941,177.00458602222164,1.222264118345309
1226,175.45328280067474,176.97673363319439,1.2431458274410117
1227,175.4462739252408,176.9505829383971,1.2586960556026379
1228,175.4535244309449,176.94811198412057,1.2625385620663947
1229,175.4544449226042,176.93822053233845,1.2680512142001714
1230,175.53081904734626,176.97220225834548,1.2693753483156416
1231,175.5777387407209,177.00903842357008,1.2538572808607447
1232,175.60155345310926,177.00164584361042,1.2561055460972474
1233,175.67760434394054,177.079497130837,1.2071380533843319
1234,175.69227040770366,177.06221543889242,1.2130007372350755
1235,175.71373754359675,177.06725065609172,1.216935748813565
1236,175.71690019896138,177.06944524161779,1.2157949805168755
1237,175.7209335431306,177.0594348317672,1.226701317808129
1238,175.7239679288275,177.0426166412976,1.23549321034803
1239,175.74121702342143,177.03285979924178,1.229693314239102
1240,175.82401933055357,177.06935903225303,1.2006489126894302
1241,175.89125705093116,177.09734118733218,1.1781657847140077
1242,175.91014460648768,177.085246981835,1.1712431669235874
1243,175.95633529718094,177.04021566029638,1.209267148337944
1244,176.01509134455966,177.02544097479654,1.2343071987985128
1245,176.11260406808748,177.04234932176726,1.2386798394250413
1246,176.1885397760205,177.09834894948983,1.200298416392621
1247,176.2353136606552,177.19052580848805,1.1113204913983585
1248,176.2329044913121,177.2612628514362,1.0176477286027512
1249,176.22590085917162,177.321920982338,0.9276602781930567
1250,176.33369561773347,177.40349999846094,0.8855246778614915
1251,176.32222511924988,177.41104839153806,0.8342057918196966
1252,176.30650671902995,177.3457726264035,0.8534178677322504
1253,176.33770845803053,177.37396738796969,0.824251133369429
1254,176.42606088627687,177.44922373502843,0.7844494408559065
1255,176.43643939084953,177.49317124759176,0.7419406446048719
1256,176.47693893496532,177.57894348460974,0.673297322168847
1257,176.4966090587083,177.71457961620197,0.551817756638373
1258,176.50643114376942,177.84741610549185,0.42429656976015073
1259,176.50733667444905,177.89999788317786,0.36753877403896645
1260,176.47913902784006,177.8555009747549,0.3781960107046568
1261,176.43934465881205,177.81412882793586,0.37696788578182583
1262,176.43369689036757,177.7577053250161,0.3992980899772013
1263,176.44970343677028,177.75587504193396,0.39599483963712373
1264,176.423855226544,177.74900342772156,0.3852419944577632
1265,176.3891504833782,177.72931539583772,0.3853476567509297
1266,176.37450264902975,177.73122665657183,0.38256566711695233
1267,176.33869118845644,177.71451649692258,0.3791759670184709
1268,176.31324729182384,177.68763716507905,0.38910405390215513
1269,176.29878641625854,177.67322530329665,0.39378561328686135
1270,176.29164680366807,177.67666874978536,0.3853622853623013
1271,176.29010994761575,177.68122897923038,0.3802057399927527
1272,176.2948840568595,177.69265549947391,0.3739445437479268
1273,176.2996212031405,177.70461633338206,0.37787784671625235
1274,176.29043619444673,177.70304338635364,0.37631044475265524
1275,176.27378504943232,177.69870132940952,0.3748164789191422
1276,176.2761507725453,177.67491164375858,0.400588781910867
1277,176.27293313885605,177.6663404749785,0.4173231572725736
1278,176.27020309863715,177.65508913171996,0.44135493692536615
1279,176.27669316403816,177.61302945022388,0.49242270232014174
1280,176.3109735222851,177.61702597118622,0.5363717987379687
1281,176.31088684006815,177.63982331507643,0.5305456608159316
1282,176.3120346326063,177.70058221926934,0.4986989180563157
1283,176.3239721522303,177.7769043089558,0.4671308657975402
1284,176.30708095535908,177.81321742007913,0.4490688073669244
1285,176.31014517419945,177.84539697325664,0.43463455696948833
1286,176.32462011762038,177.90645827691276,0.41001377893528046
1287,176.3314643165518,177.97703257457516,0.37609278743246244
1288,176.27562442406312,178.0793608476968,0.30710579660094034
1289,176.23860803075027,178.17781325740472,0.24070835128169138
1290,176.27110043593754,178.28770305651037,0.20323862842438964
1291,176.23252799538378,178.35396664277084,0.16411993599148378
1292,176.29324408115772,178.57011735478181,0.0599271426235208
1293,176.25876053215077,178.66100742654217,0.0
1294,176.26542390035067,178.74358403909093,0.02996037484399237
1295,176.27446869946303,178.83199880179293,0.05604722694099738
1296,176.3026131667467,178.9506028042246,0.11794089179771144
1297,176.3152609115229,179.057386929571,0.17596741029378266
1298,176.35045050833278,179.1917264383645,0.24983478169530285
1299,176.3702076996472,179.28269211382792,0.2951464377531693
1300,176.4267204075833,179.43723020024044,0.36946861014920496
1301,176.45607967194132,179.55870854062354,0.4394342056942612
1302,176.5151552046123,179.69104874294186,0.5032000182343753
1303,176.5621160594026,179.78603385038645,0.5479763098773603
1304,176.56925405253767,179.8155538784316,0.5684990994446181
1305,177.09662699341473,179.85191357127337,0.6104723184362837
1306,179.09309054049507,178.78117402969187,0.6254647203101658
1307,178.07893940075576,177.2328825055809,0.5528875819982737
1308,175.995516796136,176.0266085679726,0.44577435284366596
1309,175.67134722193097,175.90700184373236,0.27333522796308485
1310,176.76688641917184,176.6116276640924,0.19096334292122305
1311,177.037752608863,176.93982480778857,0.021214059563632596
1312,179.18225008841503,178.25808607374853,0.09004526604314482
1313,178.55310965141,179.47426029420964,0.07353374822156468
1314,177.12985490452715,179.82534029902789,0.060033835647667545
1315,176.65939233474575,179.66038919976262,0.030008304999239153
1316,176.27688944765706,179.66095090713503,0.07649594085690888
1317,176.1492581358754,179.67318104203906,0.11614639980158499
1318,176.1522485791392,179.6585457592102,0.1038534166236179
1319,176.1425255221918,179.63911705128845,0.09709397475947956
1320,176.1771270871854,179.64550450736826,0.0970959597884737
1321,176.20919174618368,179.64633937243184,0.09238268252179255
1322,176.16771273418553,179.599557209416,0.08992069609405191
1323,176.01346903479396,179.50619835232288,0.09715310642490414
1324,175.87189752555577,179.41958557017637,0.11218839762636668
1325,175.75767585747158,179.34942389330436,0.11224770254788001
1326,175.65511427276198,179.2796033528138,0.11630098021730907
1327,175.58055997007747,179.24227291959923,0.12563459173770822
1328,175.49601804025934,179.1957296202767,0.1256251694103124
1329,175.43704861000674,179.16932315798866,0.1343007806357886
1330,175.40504598238968,179.17426880529842,0.1589253974026783
1331,175.38905763600062,179.21221213719323,0.20590914512579564
1332,175.39763780764196,179.26484391608594,0.2467740768792394
1333,175.5652193396371,179.54789213036307,0.3799528356421421
1334,175.92747545436404,179.89248248924574,0.6736151433442706
1335,176.65907212391608,179.11617317972505,0.9914440843175887
1336,177.97345607248457,177.63455717207603,1.5253964662948376
1337,179.3778326130241,175.76037123937002,2.2113076462615293
1338,178.93099524683404,173.66675867215733,2.9505339461778535
1339,176.64203443630487,171.1842361516609,3.6926662075169254
1340,175.05100479046743,168.98005935769876,4.496854524615153
1341,171.21888800847682,165.3434025453466,5.465377893657846
1342,168.3117502484326,161.76745089894538,6.691182701180007
1343,165.17516611007179,158.1349069266982,7.932256456604174
1344,161.47450811468065,153.5201988209185,9.67355398647434
1345,159.39851010300924,150.21771338490132,11.009966807438673
1346,156.28686892718642,145.97530010983098,12.422930429312556
1347,153.3717934677738,142.52540238940904,13.466435284796265
1348,149.5936123761902,138.3118890107302,14.725413931600832
1349,144.85878284778096,134.02020384494642,15.579476322391006
1350,140.90242358926744,130.6237483128387,16.01084398251963
1351,137.88941379144774,127.86212222565192,16.33185094775546
1352,134.15656642688654,124.54000450024154,16.587661911623194
1353,129.4681415350162,120.11300914130932,16.802725767716304
1354,125.86877245331165,116.5789347897566,17.142651373459202
1355,121.44182260143572,112.73860276843143,17.13274165239825
1356,116.48036628943804,108.45548786280995,17.135862013274114
1357,112.32812458383825,104.94828906318016,17.18884243643942
1358,108.12921238569122,100.86178046739315,17.358307072488714
1359,104.2308606056209,97.53522600908512,17.27040762883873
1360,100.14080758145307,93.47523416555566,17.383511925948177
1361,94.88384213518302,87.66924338027114,17.901604634898906
1362,90.91035460092922,83.29222738983438,18.330671752203752
1363,87.49617514529054,80.02396130754354,18.64528018471773
1364,85.73962078693796,78.07303391308923,18.810974540306535
1365,82.69675936048814,74.7548392834871,18.76140579747735
1366,78.19005408114376,70.04045488199786,18.69118403205872
1367,74.54060336801102,66.52422320486538,18.36272850609995
1368,72.19495717527046,64.13722701851432,18.367434142530794
1369,69.8247107496213,62.31723371220427,18.18819178489849
1370,68.93170750201666,61.41813602309334,18.19862298796858
1371,68.42612490473822,61.091781335201595,18.110159210139507
1372,67.60373522331601,60.427599638222304,18.122668211370183
1373,68.32398650677284,61.367148713603406,18.198820729336404
1374,69.90016757528791,62.64562142980891,18.5226168192863
1375,71.24811427123645,63.95138308283305,18.564366641423046
1376,72.22053532038757,64.8165531420814,18.77474205757539
1377,76.16424029968996,68.55677159253626,18.94478281268307
1378,82.21397381645728,74.12772449028462,19.382902543239226
1379,90.84323045893589,81.83823918399784,19.910320331453363
1380,98.59763370758768,88.99514642770673,19.874096784360827
1381,107.57560574511331,98.19756163803862,19.657516951025702
1382,113.83501602658879,103.99666819575037,19.7467336801766
1383,121.00578061353407,110.4327550490202,19.623296376835057
1384,130.47299228570049,117.79649674532058,19.66569249109457
1385,138.04214424330402,124.47526103032207,19.289165172955315
1386,143.43787475685093,129.30660669693694,18.76610743643376
1387,148.19025045001203,133.24997114166598,18.263514426823008
1388,154.93241230154894,139.03478021297377,17.558952140921935
1389,160.32339022079233,144.65970309207756,16.070262867779142
1390,166.2903862225003,150.9149825344051,14.196184933416061
1391,171.81877431362003,157.4315674110416,11.97163400284793
1392,175.4862078777661,162.32004741278658,10.09237003280693
1393,178.56957441052208,167.10748103400377,8.018794142433084
1394,178.60640587666603,170.65307856630028,6.831073553407869
1395,178.27825693240513,172.1787302171648,5.921064203915319
1396,177.7952091419593,174.06819247713184,4.857410258946735
1397,177.4704059469712,175.21461734607578,4.245210036403987
1398,176.56646129505123,176.02768973737216,4.011337438095994
1399,175.6969349013922,177.17463117389298,3.572602973157186
1400,174.83798392813028,178.00384933638477,3.33766645338109
1401,174.59981834820027,178.69182856376182,3.0156562341719133
1402,174.7333991670548,178.84311586162022,2.906541648257027
1403,174.8145955723159,178.96218318377768,2.8227083777004958
1404,174.75046729479996,179.18719390169286,2.7095034220112093
1405,174.5730811357215,179.3677957347059,2.6800803925409844
1406,174.836783654875,179.26373087261751,2.680649302729388
1407,175.67838149357067,178.63392613791868,2.7973338805874484
1408,176.38380973471564,178.16991244895104,2.819046269196003
1409,177.08842991170096,177.54267491892523,2.9371117144126004
1410,178.4146492229734,176.26851937917178,3.2565360066911193
1411,179.778197500702,174.3838671402951,3.9534328170211213
1412,178.33832791334885,172.09971018355273,4.737129208741406
1413,174.6987001306279,168.1119845863752,5.9066766250977185
1414,170.4261479835128,163.09100034769554,7.524915401401971
1415,166.0113349528904,158.8033027416846,8.667082227596673
1416,162.50461402339863,154.80224702340894,9.903062473659292
1417,159.42239258043747,151.15924508554295,10.975263895510247
1418,155.8322135794698,146.17041228390156,12.612882207735455
1419,153.20595735520007,142.78389475709096,13.81065812274386
1420,150.5926853334628,138.75984214329446,15.36970061539664
1421,147.02780364801097,135.05957754164697,16.229297999222922
1422,142.06184491499155,131.2379918975736,16.505284724702275
1423,137.66350673805755,128.0969418225135,16.582441281462863
1424,133.97460620551578,125.54341429063962,16.313541442864775
1425,130.04951923282218,121.49206404445142,16.697958516634188
1426,125.93957996723853,117.31675793855383,17.071189193723402
1427,122.3715273612511,113.82938395110091,17.352358323303985
1428,118.55379113982406,110.0064010264665,17.871372081508973
1429,114.12717202587156,105.81531212717385,18.210040231303147
1430,110.87467181763294,102.01978891888871,18.59326632711206
1431,108.31706519854544,99.32310605959074,18.72301513175952
1432,103.11525190498887,94.1022248980088,18.905370773753003
1433,97.6236428700345,88.19669018008996,19.47278031053004
1434,93.46006290852044,83.87651110840638,19.638646340285348
1435,89.8838656646426,80.21151010923883,20.115832257889128
1436,87.33037948364108,77.49965554430212,20.247800033566364
1437,82.12906926008598,72.52502445697893,20.200733479310994
1438,79.40499028889913,69.43815632214707,20.44534433417761
1439,76.30100674267017,66.99113497507516,20.058755023228198
1440,71.70941119554412,62.408174662064944,19.922225013825127
1441,68.9985512245103,59.332512313439814,20.068368520600636
1442,67.55351250709688,57.557072809795336,20.267150254278977
1443,66.74750679264648,57.341271751533185,20.155152215926904
1444,66.83188088667897,57.621099128209515,20.13365594499983
1445,68.77807814965877,59.088881187031824,20.545797586030663
1446,70.53471750545368,60.62059310532768,20.776705054222088
1447,75.90106698706205,65.62534646938468,21.114998424159612
1448,85.10053648013483,74.53795405327506,21.50029584811228
1449,95.2786553271916,84.94284498136433,21.36288498904438
1450,104.42053761174992,94.32571899647711,21.18886119502632
1451,112.40557412315519,102.52714504435247,20.8172311163596
1452,119.08715816743148,107.99864788136165,20.74272626369725
1453,126.49552200519221,114.57068447491214,20.43704322302083
1454,133.97082041820292,121.26299818890226,20.13124361009592
1455,140.4628121704324,127.44805923868175,19.32829142974328
1456,143.9677153328751,131.50022236046837,18.360940367851594
1457,147.5074507209107,135.64751966928097,16.98307070149391
1458,154.3097140949858,142.02133951968202,15.665223987568579
1459,157.47047795094156,146.89105594534294,13.602605497016494
1460,162.89592749129832,152.58916880948675,11.84250086921453
1461,167.81918460315427,157.9110869453813,10.070110304611422
1462,171.39970875499708,162.6996848181218,8.16226645143392
1463,177.75469959611343,168.7068815603021,6.585522323634294
1464,178.3013985570362,172.45343273680317,5.623581888611458
1465,176.0228030578349,174.9693972755172,4.608929472167988
1466,175.92356580078194,175.9107778815995,4.086697711253756
1467,175.50970019744247,176.5932634703726,3.618319104685887
1468,174.51717167962522,177.6912243814074,3.206783467418202
1469,174.46707952728,178.20409025078382,2.9161799106620236
1470,173.75641127786392,178.76078625334287,2.7998621562215753
1471,173.98964623418837,178.62629909379902,2.8174070274721132
1472,174.210029423015,178.5452172970842,2.8059514595677393
1473,174.28887881108838,178.52229534174472,2.7803892312871845
1474,174.3254601138757,178.5375746898597,2.7568845766543966
1475,174.35847397379104,178.45372723910907,2.769368109889267
1476,174.42646619723996,178.45056083040438,2.7467658158235566
1477,174.54609063351566,178.37591595406528,2.73400480514524
1478,174.67776334141234,178.24267408848206,2.7796286191905692
1479,174.7765032197154,178.14382836403473,2.8105615425035806
1480,175.7201311706407,177.34047932369162,3.030185767666463
1481,177.33038033651837,175.4247921665852,3.7049775034310075
1482,179.36765989748588,172.83614076265914,4.649265807356196
1483,178.45014786681162,169.71241451691182,5.820916536006533
1484,174.7873537337966,165.68364457745753,6.988078947753722
1485,171.6169197890264,162.10968634441588,8.121924438300745
1486,166.42773270184878,156.59802130076469,9.787007277203754
1487,163.37620773502914,152.88696286256302,10.935185896728619
1488,159.74688306794906,148.3048024305655,12.381015998734348
1489,156.09859349129596,144.2699911105513,13.45794335663775
1490,153.82577444736685,141.14909929084268,14.535834139385384
1491,149.06778283796513,136.3434278235566,15.746318072990857
1492,145.20895719248537,133.11232172515136,16.224973948402088
1493,142.7005802400693,130.83025372678557,16.63162870278207
1494,139.87757522363665,128.2303328819662,16.872777234301655
1495,135.9750242364202,124.54389042115852,17.248157289906743
1496,132.28369588309803,121.387902014092,17.327582101170744
1497,128.28079038118412,117.81133525821052,17.24092663068553
1498,122.74019361686301,113.30407660071394,17.16326255721761
1499,117.22501554863315,108.53222310659656,17.32611814096266
1500,112.47323217777415,104.88888789193959,17.548160137564587
1501,108.32790785082028,101.65617238444828,17.28327942436167
1502,102.6090556888949,97.74194425502479,16.34352559903406
1503,98.34062693255565,93.42535856680594,16.54381476165982
1504,93.89522360812802,88.85568482456733,16.691605272757847
1505,90.06283866225026,84.90560169123901,17.004956968031454
1506,87.9985001247015,82.35318132591505,17.26411436434183
1507,82.20079613290764,76.48073246793558,17.545890788692542
1508,79.8463007953444,73.29234961519677,17.790794922767127
1509,76.35780673095677,69.50690645882361,17.72971063229211
1510,72.96839204024745,65.9697516482539,17.761703089032267
1511,69.32975398653284,62.193028686543705,17.793384843855332
1512,67.07133135009192,59.79235998528991,17.959471257408445
1513,67.17603951963258,60.035792295466045,17.892128842550573
1514,66.69417736598255,59.09169823788106,18.400226750191855
1515,69.3046959839422,61.602405527454515,18.53356841337746
1516,71.76754491387489,64.14060412057037,18.53382005133736
1517,74.06137889221188,66.17721105985208,18.80050794234009
1518,81.29343611830437,73.20620832810903,19.11357815862732
1519,92.05846827946121,83.4029890559184,19.777765491254357
1520,100.29695215111711,92.23861168509157,19.020124421629824
1521,108.58715032538595,100.80313130922505,18.836442997076492
1522,115.03285062624828,107.07669578379289,18.651546672162006
1523,122.20477458557869,113.46824649692365,18.453430193657365
1524,131.48873869544653,122.23547303701879,17.889684120887615
1525,137.89804407389684,127.6426397139453,17.26081784558358
1526,143.00659139342926,131.81784983928347,16.92444003243516
1527,147.48103245865488,136.1797228417048,16.061697993090874
1528,155.20650687562647,142.94420942785342,14.790282205199155
1529,160.90865872505594,148.4163385500403,13.509636980492827
1530,166.94598902790645,154.6206693211388,11.640825766183942
1531,172.00330715910093,160.41944064909677,9.591059763705358
1532,176.0221922854006,165.72660949065317,7.606954996666544
1533,179.13594089205247,170.5489348243201,6.21603529929921
1534,176.9834026455761,172.80355276545293,5.517106780251006
1535,176.9857629552377,173.87669773516015,4.7438309654245705
1536,177.47838118898747,174.32955410502535,4.169337893017592
1537,176.30252334477657,175.0629741516463,4.024820437392539
1538,175.50155218739764,175.8567347139859,3.8011014454696603
1539,174.714823155822,176.41952825616164,3.71471798089964
1540,174.58477293492663,176.63383162842766,3.6383618939017235
1541,174.44617312382633,176.9286071808681,3.501182046353666
1542,174.43543266566738,176.98806410222588,3.46677608438395
1543,174.41530181229493,177.04117821632306,3.411724933785996
1544,174.3822644772272,177.0181684360471,3.407577636522214
1545,174.57869279775142,176.79555763796589,3.4876913002331733
1546,174.8248409736909,176.56518637122736,3.5623471217672775
1547,174.94113559028452,176.44946511912195,3.590568260411723
1548,175.35601801543197,175.64830039910805,3.9323741553844824
1549,176.86821172058023,174.0986430380651,4.398464225317011
1550,178.8784193899112,171.68163000179575,5.242836117619423
1551,177.78993012539232,168.37746630774518,6.192728697607933
1552,173.60289673245123,164.37978075041877,7.380144939869438
1553,168.93937766843172,159.2857130516748,8.996240446444009
1554,164.55012678383125,154.47980099306065,10.44721073481893
1555,160.64148768454214,149.27551650524757,12.080435717190444
1556,155.5082289729617,144.34262772683272,13.167056139923684
1557,152.14617143977455,140.45146233745822,14.141007509596276
1558,150.03053361071687,137.71795407771182,14.997284536053161
1559,143.9359656916586,132.77997537401748,15.585310531022683
1560,138.69669308951745,128.52416640726318,15.943958226346677
1561,135.6036496363733,125.65509033785168,16.477507382545667
1562,131.16908460713046,121.83245273840835,16.621725263663674
1563,126.68014479279879,117.45146245585049,16.875704070158854
1564,121.74347708056497,113.10678779045769,16.778921562174897
1565,115.09313545271259,108.00685429846789,16.68666274595982
1566,110.85627143036874,104.61883236690939,16.632076677319784
1567,107.15922243699876,102.3719118520019,16.16113983373229
1568,102.40763151716403,97.71219619738564,16.301982033193575
1569,97.3946538642664,91.98783783601162,16.58011725022949
1570,93.48713399268728,88.02110711931375,16.65971516922989
1571,88.631478525715,82.95801758965666,16.969458622539086
1572,86.18631057159915,80.27047777492398,17.349558627533334
1573,82.1702836561055,76.43134420550741,17.25935363004681
1574,79.00674485531084,72.74410261112916,17.49958937731649
1575,74.60021824550829,68.20532986097771,17.447690103798067
1576,69.18931834676056,62.59383358609119,17.48012437947747
1577,64.90673907806999,58.40252625844772,17.256105445081882
1578,64.1337174927526,57.501632996321376,17.307055617184325
1579,63.96781504038179,57.08666696529345,17.507047296612782
1580,65.0575214982358,58.14230902816634,17.577552004763692
1581,67.51661981308371,60.4742147589643,17.645019432234147
1582,68.6590921834072,61.27856327870746,18.036657143498793
1583,75.50552346651321,67.89486693801082,18.43028855310504
1584,89.0612816847587,81.8803966522655,18.281043290419497
1585,98.94093106676084,92.15799343640204,17.951365716513596
1586,106.76436779503179,100.34990850815508,17.79022642068522
1587,113.14841053656619,106.52521731938562,17.722683299148375
1588,119.30566383228555,112.52416899069031,17.20718158467274
1589,129.31219590204014,121.31753966127462,16.88240469447668
1590,136.95458724842382,128.3134009505967,15.949682094494149
1591,141.55790793156916,131.985576136185,15.478318785211119
1592,146.428604922946,136.96414681445185,14.483117815361906
1593,152.58600087000534,142.9429821024222,13.358540967560867
1594,158.67234539991847,148.1308199028566,12.282338908172077
1595,164.38369618596124,154.21754792832203,10.29677246532153
1596,168.99498720130507,159.98994082988568,8.144877018274848
1597,172.3055933788898,164.22691415514606,6.444975685412645
1598,177.27319500397965,169.50216447736975,4.770838493810486
1599,179.31758516516365,173.33578346848816,3.4698165716810414
1600,176.9372073309966,177.2767493837228,1.8337147106175309
1601,175.53453350044435,178.95218413675863,1.1421790032479184
1602,174.99110232461143,179.6629068823096,0.26228071121863955
1603,174.43576647783712,178.22259524644815,0.5870001784653348
1604,174.74329702395232,177.62074824515832,1.185114078461318
1605,174.46042758651583,176.9079179344569,1.5816673066799172
1606,174.77986252075948,176.6124522912231,1.8747483340810533
1607,175.21024722679596,176.75872021415466,2.0547205109692186
1608,175.2817922512129,176.4633002208222,2.2954051667530777
1609,175.49833565941404,176.4890755699497,2.396098586072407
1610,175.51472737756066,176.21894725132262,2.5553936214767496
1611,175.48645335006017,176.0301611412523,2.700366573609169
1612,175.46352282162164,175.81553681715636,2.8209868721116385
1613,175.92544883407805,175.63307822933268,3.075529902449447
1614,176.12898883890716,175.69600189734152,3.034020746648381
1615,176.02474856698083,175.235562164817,3.3997444450008034
